symbol	KO	OE	group
AP000553.2	0.0144	1.8162	None
SASS6	-0.2115	1.1787	None
OR51M1	-0.7866	3.7179	None
GPX2	0.0012	0.879	None
ATXN2-AS	0.9954	-0.1493	None
MEF2C-AS1	-1.7064	1.775	None
SUCLA2	-0.0854	-0.7543	None
AP002884.1	-0.2246	-0.1871	None
CAMK2N2	-0.8755	0.3948	None
MYH3	0.359	0.833	None
RSAD2	1.0221	-0.3437	None
ELFN1-AS1	-0.7072	0.5482	None
THOC1	-0.287	1.6751	None
C1orf131	-0.0735	0.0139	None
PROSER2-AS1	-0.4245	0.3438	None
UBE4A	0.1326	-1.7527	None
KRTAP3-1	-1.2168	0.7457	None
ZNF195	-0.162	0.4007	None
ZNF620	-0.335	-0.458	None
MT1XP1	0.0012	1.879	None
AL136528.1	-0.4228	-1.9985	None
ARHGAP31	0.0069	-0.5235	None
INTS12	0.0777	-0.4648	None
AC005523.1	1.0034	0.204	None
SLC25A16	-0.0524	-0.2421	None
GNAS-AS1	0.5306	1.121	None
HORMAD2-AS1	0.5772	0.0865	None
AC124283.2	-0.3962	-0.621	None
CCDC40	0.1118	1.5072	None
MMP19	-2.3808	1.1977	None
DKFZp779M0652	2.3138	-2.4367	None
HDAC2	-0.0995	-0.1368	None
POLR2J	0.232	0.4286	None
TSPAN5	0.1475	-0.3897	None
ACSL6	-0.723	-1.0095	None
STAG3L5P-PVRIG2P-PILRB	0.3627	2.1715	None
ZNF83	-0.0099	1.4331	None
DRG1	-0.0057	-0.2168	None
KCNN1	0.1023	0.0136	None
AC007128.2	-0.0726	-0.5676	None
FBH1	0.0854	-1.0946	None
DOCK5	-0.1718	0.7708	None
PHAX	0.0294	-0.1349	None
WDR12	-0.0438	-0.3359	None
AC004951.3	0.2521	3.7564	None
NDUFS6	0.0482	0.3335	None
TAS2R5	-0.8921	2.6566	None
RAB3GAP2	-0.0227	-0.3174	None
AP000347.2	-1.0706	2.7121	None
TFRC	0.2791	-0.9159	None
AC007773.1	0.3231	0.596	None
HDAC6	0.1519	0.8109	None
EIF2D	0.0438	-0.2034	None
BIVM	-0.3894	0.4862	None
AL359955.1	0.4145	0.7766	None
RHOU	-0.1996	-0.3336	None
LHPP	-0.2288	-0.7829	None
UBE3B	-0.1069	-0.0368	None
RP1L1	0.6646	2.8719	None
APTX	-0.1314	-0.0194	None
ABHD15	-0.2771	0.1094	None
TMEM120A	-0.0826	-0.5761	None
CNBD2	1.3199	-1.0391	None
AL731563.3	-0.3218	1.281	None
SPCS2	-0.1103	-0.5087	None
GCC2	0.2756	-0.7239	None
CCSAP	0.4662	-0.4422	None
AL157884.2	0.2847	2.7059	None
EFNB1	0.3113	-0.7187	None
USO1	-0.0161	-0.9921	None
MAPK6	0.1329	-1.2981	None
TMEM50B	0.0035	-0.2531	None
SLC25A21-AS1	-2.1374	0.3292	None
MAN1C1	0.0949	0.1613	None
AGL	-0.2221	0.0468	None
PCOLCE-AS1	0.3959	1.557	None
AP000769.1	-0.0378	0.6735	None
EIF5	0.4169	-0.3689	None
RPS7P11	0.089	-0.4785	None
YY1AP1	0.2806	-0.7954	None
RPN1	0.1403	-0.3388	None
ELN-AS1	-1.2043	-0.2525	None
CERS4	-0.0745	0.0664	None
SEC14L1	0.2138	-1.0001	None
AC090360.1	0.592	0.2475	None
AC120498.8	-0.7929	1.9772	None
WNT4	0.1257	-0.8411	None
KLHL24	0.2168	-0.3674	None
MBLAC1	0.6982	0.8006	None
MFNG	0.3636	0.289	None
AL390208.1	0.6066	1.4254	None
TMPO-AS1	-0.4445	1.8982	None
EP400P1	-0.1083	1.9418	None
C9orf139	0.5294	1.6798	None
LIX1	-1.6304	-0.4135	None
AL049844.2	-0.1394	1.7885	None
AC145212.1	-0.3265	-1.1028	None
SPATA21	-0.1627	-0.4572	None
EPS8L2	-0.0229	-0.2043	None
TELO2	-0.1616	0.7977	None
MYH7B	-0.3532	2.4014	None
GPI	0.6066	-0.4177	None
PRSS23	0.5724	-0.1152	None
SIAH2	-0.0172	-0.8247	None
KATNBL1P3	-0.0046	0.6218	None
SMG1P2	0.1726	-0.0288	None
TSPAN3	0.1741	0.663	None
PLPBP	0.1302	-0.7715	None
UNC5A	0.3947	-0.3154	None
AC090673.1	-0.5263	2.1475	None
AL021707.6	-0.1463	5.2762	None
ZCCHC2	0.1461	-0.38	None
CEACAMP5	1.0237	-0.5745	None
LINC00337	0.2631	-0.0722	None
LYPLA2P1	-0.7153	-1.0308	None
TNFRSF9	0.7268	-3.2414	None
TBX3	0.0049	-1.2459	None
AL589740.1	-0.3816	-4.5133	None
RPS3AP6	0.0177	-0.7022	None
BCAT1	-1.0778	-1.0047	None
CAMK2A	2.0323	0.637	None
AC104825.1	0.1384	1.2585	None
PDP2	-0.4423	-0.6742	None
AC015961.2	-0.9228	3.6249	None
TDP1	0.042	-0.3308	None
HSPA8P11	0.9162	-0.9833	None
PEMT	-0.1066	-0.0266	None
NOS3	0.0343	-1.1982	None
AC007014.2	0.0772	0.9814	None
CACNB2	-0.1098	2.0129	None
MFF	-0.0128	0.3186	None
SLC4A1AP	0.0602	-0.0541	None
RASGEF1B	0.0194	0.718	None
FAM86HP	-0.5676	0.9615	None
CCDC92	-0.0882	-0.0182	None
MIR4322	0.122	2.9438	None
BBS9	0.1628	-0.0472	None
MRFAP1L1	-0.2095	0.5805	None
AC009950.1	-0.7558	1.0865	None
AC026403.1	-0.0836	0.2963	None
EEF1A1P3	1.6256	0.9549	None
UBQLN1	0.127	-0.5435	None
EVA1C	-0.1653	0.5669	None
CTBS	0.0299	-0.3093	None
ARF4P2	0.0772	-0.948	None
GTPBP2	0.1883	-0.4281	None
TFAMP1	-1.2	2.1916	None
FOXJ3	0.0962	0.1397	None
AL365217.1	-1.0838	-0.4197	None
ROBO4	0.6883	-0.0047	None
NODAL	-1.1219	2.5399	None
PALD1	-0.0733	-0.1568	None
AC092535.4	2.1177	1.4693	None
FBXO38	0.0942	0.1838	None
AC022098.1	-0.3931	1.4512	None
CA11	-0.2306	0.0754	None
CUTALP	-0.2854	-0.0792	None
RB1CC1	0.28	-0.7377	None
ATP5F1C	-0.0542	-0.1437	None
AC253536.7	-1.1669	3.7152	None
FAM222A-AS1	-0.0504	-0.8755	None
ANGEL1	-0.0869	-0.2551	None
HAS3	-0.261	-0.6396	None
MAP4K2	0.0804	-0.5693	None
CPEB2	0.2923	-1.2074	None
NEUROD2	-0.5544	1.9143	None
MAP7	0.4087	-0.6135	None
AL445584.2	0.1321	0.7998	None
TGM5	0.0772	-0.0186	None
AC007879.3	0.966	0.7068	None
ALDH7A1	-0.1724	0.6084	None
LSM5	0.0235	0.2572	None
AL928970.1	0.2477	-0.0098	None
AC107294.3	-1.7817	3.5046	None
SNORA75	1.0045	2.8545	None
KCNIP4	-0.0143	0.4556	None
VPS26B	0.0135	-0.7044	None
FGF21	0.4254	-3.2172	None
LINC02086	0.035	0.5927	None
PACSIN2	0.3655	-2.0397	None
PLXDC1	-0.203	0.8745	None
AC104564.3	-2.0078	-0.4488	None
SLC9C1	-0.3597	1.3657	None
ABCB10	-0.2611	-0.1758	None
ATG4A	0.1017	-1.0031	None
LINC02145	-0.0082	-0.6036	None
MORN2	-0.3661	0.6856	None
NOMO3	0.1915	-1.4742	None
PCBP3	0.3114	0.137	None
SND1	0.1535	-1.261	None
HNRNPLP2	0.2346	-0.4905	None
EFNB3	0.6883	1.379	None
CABP1	-0.644	1.323	None
AL035413.1	-0.0062	-0.706	None
DPH6	-0.3919	0.3363	None
PPP2R3C	0.2328	-0.767	None
ILF3	0.1146	-0.0005	None
AC090912.1	0.6269	0.294	None
PSD3	0.4056	-1.0961	None
TPMT	0.1671	-0.9041	None
GJC3	-0.2638	1.5675	None
RPL39P36	-0.1931	2.3437	None
TULP3	0.0588	-0.4466	None
RPS26P11	0.6177	0.0865	None
AL161937.1	0.7087	0.0633	None
ABCA7	-0.0391	0.4374	None
C17orf53	-0.0226	1.1357	None
AC098829.1	0.7381	0.8437	None
AC073073.1	0.6087	0.0925	None
CLTCL1	-0.2609	0.8452	None
AC126389.1	1.2087	2.5046	None
DDX3X	0.1421	-0.5939	None
AL096817.1	-0.878	3.3616	None
AC100757.1	-0.7202	-2.4202	None
AC040169.3	-0.6041	-0.0047	None
ADGRA3	-0.2961	0.6643	None
SAFB	-0.2996	0.5123	None
GPN2	0.0713	-0.1482	None
ATP6V1E2	0.0355	0.396	None
CICP16	-0.5434	1.198	None
NBR1	0.4082	-0.7314	None
RNU6-574P	-0.1598	2.3292	None
AC005670.1	-1.043	0.4383	None
AC092756.1	0.5772	0.8437	None
GLOD4	-0.0883	0.2169	None
IL1A	0.5499	-2.1647	None
FGF22	0.0093	1.338	None
UBAP1	0.3019	-1.0089	None
SNAI3	-0.0005	-0.3302	None
MUL1	0.1319	-0.8091	None
PRPS1	-0.0299	-0.1405	None
SETD1B	0.1039	-0.0126	None
OVOL2	0.5416	0.2475	None
LINC02211	-1.2043	-0.5745	None
EGFLAM	-0.4228	0.0633	None
AC078883.1	-0.35	1.314	None
ZNF329	0.4421	-0.729	None
TFB2M	0.1825	-0.8243	None
C1orf54	-0.0358	0.8863	None
C1DP1	0.6674	-3.5469	None
SF3B6	0.0241	0.0527	None
CA7	-1.3468	0.533	None
AL118506.1	-1.0084	0.0457	None
RPS2P5	0.2683	-1.6865	None
HSD3B7	0.1003	1.4858	None
PET117	0.2632	0.0579	None
AFAP1	0.396	-1.6393	None
RDH5	-0.6143	2.5751	None
AC087620.1	0.4005	1.7827	None
AP005899.1	0.5066	2.167	None
PSRC1	0.1838	0.6961	None
GRPEL1	-0.103	-0.2827	None
ZMYM6	-0.0528	0.6284	None
FRY	0.0899	1.261	None
TET2	0.0634	0.1592	None
TEX21P	-0.9039	2.2345	None
TMEM138	0.0493	0.8835	None
AC005722.2	1.0772	0.9488	None
AC011472.4	-1.8003	2.2828	None
SIPA1L1	0.0458	0.1525	None
MS4A15	-0.11	-1.3649	None
DNAAF5	0.102	-1.0091	None
AL136115.1	0.2789	2.3437	None
TDGF1P7	-0.4228	1.8594	None
TNRC6B	0.0331	0.3145	None
GTPBP3	-0.121	0.0638	None
TTC39C	0.0424	-0.7273	None
PCAT7	-0.0384	-0.1771	None
CCDC15	-0.1141	0.3297	None
FBXL8	-0.1915	0.7566	None
CLIC2	-0.0753	1.879	None
PTPA	-0.005	-0.5327	None
AC009413.1	2.0323	1.379	None
A4GALT	0.3164	-0.409	None
MATN1	-0.8121	-0.121	None
TBC1D13	0.0877	-0.353	None
HRH4	-1.9228	0.1218	None
AL358178.1	0.6216	0.121	None
ZNF808	0.1176	-0.5165	None
AC006378.2	-1.1093	1.6656	None
ATP2B1	0.0727	-0.3795	None
CIDECP	-0.1465	-0.5482	None
FAM72C	0.4117	1.3412	None
PPP1R14BP3	0.1317	0.1856	None
AC010735.1	-1.7448	0.9953	None
MB	0.0614	-0.5088	None
DOCK7	0.2573	-1.3141	None
CAMSAP2	0.0362	-0.8521	None
MIA2	0.24	-1.0117	None
DES	-0.2832	-1.3251	None
MSLNL	-0.0007	2.8832	None
LRRC37BP1	-0.2522	0.4177	None
SEL1L3	0.3818	-0.4651	None
AP002847.1	2.5306	1.4549	None
WWTR1-IT1	-0.3003	-0.4135	None
DPY19L2P3	0.7458	-0.7285	None
PPP1R21	-0.0617	-0.1928	None
AP000439.3	-0.9677	-2.826	None
CRLF1	0.0067	-0.6585	None
SUCLG2	-0.0947	-1.7374	None
AC125616.1	-0.3026	0.1552	None
LGALS3BP	0.3073	-0.6045	None
MIR4285	-0.9228	-1.3933	None
AC008556.1	-0.7153	-2.0174	None
GTF2H3	-0.0597	-1.1362	None
MDN1	-0.2481	0.6119	None
UBE2E1	0.0789	0.043	None
ACP2	-0.1362	0.0381	None
AL138921.2	0.6999	2.0029	None
ECPAS	-0.0283	0.3024	None
ARSJ	-0.1462	-0.0986	None
PLEKHB1	-0.2834	-0.3394	None
EEF1DP4	-0.0544	1.3324	None
CLK2P1	-1.8265	0.794	None
GSN	-0.0023	-0.1743	None
UVSSA	-0.1027	0.6312	None
SYCP3	0.7584	2.2475	None
AC009132.1	1.3291	-1.9631	None
CLEC2D	-0.2245	3.7607	None
GCFC2	-0.2467	-0.424	None
AL512274.1	0.6707	0.3807	None
CCDC188	0.2295	2.2358	None
SUMF2	0.1877	-0.9688	None
MYL5	-0.2465	1.6661	None
RPL10A	0.1017	-0.2539	None
CDH17	0.678	1.0949	None
ZNRD1	-0.2337	0.3097	None
SCHIP1	0.3652	4.1329	None
PSMD12P	-0.6801	1.3518	None
SEC22C	0.2225	-0.1529	None
PWP1	-0.2137	-0.2978	None
HMGB2	0.0709	1.5374	None
ABCC12	0.7398	-0.0857	None
VAV2	-0.0641	-0.0245	None
HNRNPCP2	-0.1181	0.251	None
AC092171.1	-0.0651	2.218	None
SLC7A5	0.7822	-1.3862	None
AC073488.8	0.6173	0.9814	None
AC007881.3	-1.7602	-1.2708	None
G3BP2	0.2693	-1.5293	None
AKR1C2	0.4668	0.6611	None
MPO	1.4403	-0.879	None
AL031008.1	1.1621	1.5255	None
TPCN1	-0.1709	0.0806	None
LGALS3	-0.1719	-0.2071	None
FOXA2	-1.6526	2.5105	None
AC005726.2	-1.7913	0.1272	None
LOXL4	0.0265	-0.4877	None
MARCKS	0.1724	-0.1992	None
AL163051.2	-0.9591	1.0662	None
RBM15	0.3354	0.5129	None
ERP27	-1.4228	-2.7001	None
AP003108.5	-0.263	2.6302	None
UBAC1	0.0167	-0.3152	None
PYY	0.5012	1.1363	None
AC018804.1	1.3696	0.6563	None
SUZ12	0.018	-0.276	None
OR8B9P	1.0323	-0.8041	None
SLC41A1	0.3177	-1.0206	None
AC083829.1	-1.0838	1.3437	None
ZNF200	0.0516	-0.2567	None
SMIM2	0.5768	2.1916	None
RPL11	0.0496	0.4565	None
CSDE1	0.1742	-0.9682	None
SLC22A31	-0.4758	1.1699	None
AC010327.4	-0.0853	-0.0297	None
ANKRD39	0.0826	0.3166	None
GOLGA8T	0.1349	0.7068	None
AMN1	0.0585	-1.2147	None
SKI	-0.0279	-0.5147	None
CATSPER1	0.2444	0.4938	None
SIRT3	-0.0937	0.512	None
PLEKHG1	0.2893	-0.3371	None
AC009686.2	-0.0934	0.9125	None
SCUBE3	-0.4088	0.6272	None
ZNF121	-0.3221	1.0523	None
AL356270.1	-0.4677	1.9814	None
KCNK6	-0.18	0.9584	None
AC233280.19	-0.9806	0.5865	None
AC092828.1	0.8223	4.0046	None
ATP5MC1	-0.1083	0.6941	None
TRIM7	-0.1427	0.5197	None
IMMT	-0.0136	-0.2693	None
TCEANC	-0.6963	-0.5098	None
POP4	0.1183	-0.0923	None
AC139749.1	1.4456	1.6017	None
LEPROT	0.2233	1.3544	None
UBQLN4P1	0.1741	-1.7925	None
AC024940.2	-0.4178	-2.4599	None
AC002310.1	-0.603	-0.3647	None
AC234582.1	-0.2445	4.3902	None
EBI3	-0.7033	1.5092	None
MRPL28	-0.1447	0.059	None
NUTM2F	-0.6705	1.233	None
SEC61B	0.178	0.0633	None
ZBTB4	-0.2655	-0.0715	None
NFAT5	-0.1397	1.2704	None
TAPT1-AS1	0.2087	-0.4985	None
C14orf28	-0.2768	-0.1652	None
ATP9A	0.0767	-0.8156	None
RPL23AP42	0.1163	0.2996	None
MRPL16	-0.1711	0.6673	None
CPN1	-0.2153	-0.3333	None
ELOCP31	-0.3318	1.379	None
FGG	0.54	-1.1594	None
TAF1A	-0.4771	-0.8057	None
PMEPA1	-0.2719	-1.2001	None
AC017104.3	0.3598	2.9419	None
LINC-PINT	-0.5272	1.3415	None
OSTN	0.2069	-1.7971	None
MED28	-0.2119	-0.0079	None
LINC01967	-0.2251	0.1159	None
AC026801.2	-1.0838	1.1331	None
SHTN1	-0.1268	0.2031	None
FAR2	-0.4493	-0.209	None
IRF3	-0.1113	1.047	None
AC092053.2	-0.4228	0.2827	None
CMTM2	0.2584	0.1127	None
CD46	0.0242	0.4859	None
SH3PXD2A-AS1	0.4702	-1.8848	None
ZNF865	0.0332	0.3087	None
SPSB2	0.1025	-0.284	None
AC092802.3	1.3696	0.1916	None
OR11H7	-0.0082	1.0865	None
AC083843.3	-0.2379	2.6959	None
LINC01134	-0.7582	-1.3812	None
LYPLA1P3	0.6836	-1.5593	None
AC007743.1	0.0772	-0.8041	None
STAR	0.053	0.1715	None
LINC01607	0.5436	-0.4092	None
ARHGAP12	-0.0468	0.0347	None
AL451074.2	-2.4916	1.455	None
ANKRD13C	0.2269	-0.8014	None
CYCSP24	-0.6891	2.5046	None
AL109935.1	-2.2043	-0.879	None
AC007405.3	-0.1602	0.7435	None
ICAM2	0.8696	-0.464	None
TNNI3	-0.0737	1.0415	None
GM2A	0.5369	-0.0712	None
NCAPH2	0.1509	0.2142	None
AC009097.4	-0.0078	-0.9135	None
FBXO7	0.0698	0.0147	None
STIM1	0.3621	-0.5982	None
FMR1-IT1	0.2396	3.2292	None
AC018638.4	-0.1418	2.8557	None
ZNF425	-0.2108	-1.0755	None
TMEM14C	0.3026	0.1602	None
AC107214.1	0.2639	0.0272	None
AC010245.2	-0.4501	1.2306	None
ETF1	0.1797	-1.3134	None
FBXL3	-0.1727	-0.763	None
FASN	0.1175	-0.7141	None
TOP1	0.1884	-0.733	None
HIF1A-AS2	-0.7489	1.5399	None
PINLYP	0.7471	0.9902	None
CDK4	-0.0992	-1.8782	None
APOL2	-0.0795	0.7746	None
AC145422.1	-0.4988	1.5663	None
MTND1P9	0.5772	0.121	None
TTN-AS1	-0.6535	1.3322	None
AC012435.1	0.2936	0.5678	None
MYCL	0.664	-1.9044	None
AC022613.2	-1.8003	-0.2611	None
AC004812.2	-0.3246	0.6793	None
ZNF674-AS1	-0.0144	0.038	None
VPS26A	0.3246	-1.0883	None
RF00003	-0.4739	0.9341	None
C6orf47	0.0551	-0.6155	None
AL359844.1	1.6578	1.7059	None
ACTA2	-0.1557	-0.569	None
GALNT18	0.1614	-0.4364	None
ENSA	0.1287	0.1491	None
SNORA80B	-0.619	3.0597	None
RASGEF1A	0.189	-0.3372	None
MTRR	-0.2434	-1.084	None
NECAB3	-0.3304	-0.0092	None
BRD1	0.0171	0.093	None
MAGOH	-0.0605	0.2678	None
AC006199.1	-1.5526	-0.8782	None
CRAMP1	-0.0136	0.1574	None
C12orf4	-0.18	-0.3881	None
RGCC	-0.2082	-0.068	None
HIF1A	0.1476	-0.5709	None
POLR3K	-0.3565	-0.1905	None
LDAH	0.0116	-0.0699	None
FRS3	-0.3027	0.3732	None
CRYAB	-0.9457	-1.5375	None
CDADC1	-0.084	-0.5095	None
RNVU1-4	0.5306	0.1939	None
H2AFV	0.2425	0.3496	None
NF2	0.2967	-0.3561	None
MAF1	0.1396	-0.4844	None
SRSF1	-0.9547	0.0005	None
RBM44	1.2662	2.6294	None
C11orf95	-0.0181	1.0583	None
KLF2	-0.0543	-0.0416	None
GOLGA3	0.2457	-0.8578	None
RNF26	0.3474	-0.6155	None
AC139887.1	1.2381	1.3437	None
AL117328.1	-0.6304	0.1916	None
TXNDC9	-0.017	-0.5039	None
USP30	0.0254	-0.5865	None
KLF11	0.4788	-1.2863	None
SHLD2P1	0.0857	-1.2557	None
RANGAP1	0.0297	-0.464	None
AL451042.2	0.1459	-0.3093	None
RPL5P34	0.0239	0.7689	None
RNVU1-6	1.3696	2.0237	None
IGSF5	-1.9185	-1.4712	None
BX284668.6	-0.7153	0.1218	None
AP1B1	0.1592	-0.8568	None
TUBAP2	0.1977	0.379	None
SLC27A3	0.217	1.4934	None
ODR4	-0.1134	0.5806	None
LINC02012	-0.11	0.0015	None
RN7SL350P	0.0815	0.121	None
GABPAP	0.5146	-1.0952	None
AC026368.1	-0.0806	2.9718	None
CBLC	-0.0803	-0.3596	None
MORC3	-0.0658	-0.8857	None
ECSIT	0.2474	-0.1177	None
STPG4	-0.3739	0.6271	None
AC069307.1	-0.2731	1.8052	None
EIF3B	0.0741	-0.327	None
TAF1	-0.0221	0.3621	None
CDC123	-0.1335	0.0734	None
LBP	-0.2153	1.3173	None
Z97192.1	-0.6623	3.2971	None
Z99755.1	1.9384	-1.9781	None
MPZ	-0.1886	-0.7789	None
ZNF326	-0.0676	1.4363	None
ZNF419	-0.3072	1.9786	None
DAAM2	0.4274	-0.9135	None
DNMBP	0.4742	0.6096	None
AC087752.4	-0.9298	2.955	None
ATN1	0.1385	0.0124	None
ZNF883	1.0772	-0.0186	None
EMC8	-0.0887	-0.5728	None
CST3	0.1983	0.3189	None
TCF3P1	2.1621	0.1916	None
LRRC37A17P	-0.2371	0.0887	None
LRRC47	0.0544	-0.7578	None
BACH2	0.1535	-0.0356	None
ASCC3	-0.0623	-0.5068	None
LINC01545	0.4101	1.9143	None
AC067863.1	-0.0078	-0.8782	None
SPCS3	0.221	-0.4834	None
SLC31A1	0.4282	-1.0774	None
C9orf66	-0.0078	-1.7211	None
GDPD1	0.0396	-0.5991	None
AC009509.4	-0.3265	1.718	None
GDAP2	-0.0751	-0.4352	None
EYA4	0.0772	-0.0745	None
MRPS35	0.0197	-0.4125	None
BMP2K	0.398	-0.5077	None
TMED5	0.3517	-0.4938	None
ZNF362	0.1381	0.7977	None
OST4	0.0558	0.5603	None
GUSBP3	-1.0419	2.3264	None
RPLP0P2	0.23	-1.8554	None
BCL2	-0.0932	-0.3866	None
ARHGEF17	0.0231	0.1912	None
GPC2	0.0038	1.7153	None
BUB1B	0.0638	0.0627	None
LINC01118	1.3696	2.4438	None
NR1H2	0.0345	-0.1715	None
AC023271.1	0.0366	0.8437	None
DPH6-DT	0.8696	0.3638	None
AC080128.2	0.0323	-0.4833	None
DECR1	-0.2031	1.189	None
NGDN	-0.014	0.4328	None
ALG1L10P	-0.2357	0.4026	None
VPS35	-0.0157	0.5513	None
RNF10	0.17	-0.5529	None
ALPK2	-0.2328	-0.6679	None
SNX25	0.1686	-0.2553	None
AC129492.5	-0.1818	0.5451	None
ANXA2R	-0.6539	-0.4712	None
TYMSOS	0.1037	0.0466	None
AC093616.1	-0.5035	-1.879	None
AC007638.2	-1.3823	0.1563	None
RPL21P28	-0.5114	1.1231	None
HSPD1P10	2.2381	1.294	None
PANK3	-0.2571	-0.101	None
RIBC1	-0.0385	0.8656	None
AL662844.4	-1.3406	1.0793	None
ZBTB44	-0.0278	-0.1651	None
CBL	0.1925	-0.4335	None
APBA3	0.0252	-0.3935	None
TIMELESS	-0.1957	0.3835	None
SHPRH	-0.2019	-0.5064	None
PGBD4	-0.7446	1.3073	None
AC004771.3	0.3141	-0.4197	None
AL359962.2	-0.3379	0.0512	None
CNDP2	-0.2823	-0.6889	None
SPARCL1	0.1066	2.252	None
KRT8P31	-1.119	0.052	None
AC007969.1	-0.0486	1.2546	None
LRRC34	0.2511	1.0865	None
STOX2	0.3088	0.881	None
AC019294.2	-1.1041	-1.8263	None
CLOCK	-0.117	0.112	None
IGFBP7	-0.0401	1.879	None
KLK11	-0.319	0.9277	None
AC021491.2	-0.8934	0.8293	None
MCM3	-0.4522	0.6802	None
AC132938.3	-0.2099	-0.873	None
AC092490.1	0.1269	-1.3172	None
ZNF451	0.1169	0.0949	None
NAT16	-0.2262	-1.4006	None
TMEM80	-0.2355	1.2661	None
AC006001.2	-0.2203	0.4266	None
LINC01564	0.2574	-1.616	None
DPH2	-0.2024	-0.431	None
AC233992.2	-1.2153	1.6014	None
BMP5	0.4456	1.6017	None
DPM2	-0.2397	-0.5043	None
TMEM31	-0.9272	-0.9631	None
EIF2B2	0.0508	-0.9714	None
ZMYND15	-0.0283	0.8932	None
VCPKMT	-0.0252	0.2272	None
PRPF19	0.0043	-0.6558	None
LINC01612	-0.7021	0.5783	None
CCDC173	-0.4967	-0.621	None
MARK2	0.1324	-1.0181	None
CHKB-CPT1B	-0.446	3.8457	None
MRPL3P1	-0.1304	-1.3375	None
NRROS	-0.6304	0.052	None
AC015689.1	-0.534	0.379	None
CENPA	0.5285	-0.0499	None
RPUSD4	-0.1269	-0.286	None
SUDS3P1	0.3627	-0.245	None
SFXN5	-0.1663	0.1496	None
MIR7111	-0.5676	2.8437	None
ANKRA2	-0.2846	-0.2631	None
OGFRL1	0.1421	-1.051	None
TRIO	0.423	0.0606	None
COL16A1	0.4585	0.5712	None
UBE2D1	0.0519	-0.4922	None
VSIG1	0.0772	-1.1563	None
DMPK	0.2269	0.6903	None
SAYSD1	-0.2396	0.3735	None
RHOT2	-0.1993	0.5502	None
TOP2B	0.1262	-0.4998	None
AL096701.1	0.2786	-0.621	None
DGKA	0.1311	0.9776	None
AC027763.2	0.149	0.7414	None
AL137847.2	0.0144	0.0865	None
IL9R	-0.9875	-0.8437	None
PSMD4	0.1043	0.0583	None
SNUPN	-0.0418	-0.7319	None
POLR2I	-0.2092	0.4532	None
MIR181A2HG	0.1701	0.5105	None
GKAP1	-0.0871	0.1359	None
PTPRK	0.0203	0.0795	None
RIPK1	0.1082	-0.0196	None
PTK6	-0.0421	0.1082	None
LINC01749	-0.9185	-0.0186	None
ZNF100	-0.3853	0.1688	None
AC107294.1	-1.7602	-0.5338	None
RPS14	0.0415	0.0714	None
RASSF1	-0.141	-0.1466	None
CCDC13	-1.1075	1.4032	None
C1D	0.0061	-1.8606	None
AL138689.1	-0.3186	0.9417	None
TMEM229B	0.286	-0.1234	None
TICAM2	-0.8763	0.3587	None
CDK5R1	-0.2453	-0.4356	None
CAMK2N1	0.2197	-0.0073	None
AC096887.2	-1.5838	0.0512	None
AC022150.4	-0.5181	-0.5009	None
NKX3-1	0.3329	-1.2701	None
MARVELD3	-0.1422	-0.2857	None
CD24	-0.4717	0.1097	None
GATC	-0.0833	-0.0423	None
POLI	-0.3423	0.3421	None
ARHGEF35	0.345	-0.2652	None
TCHP	0.1235	-0.0433	None
AC027808.2	0.0772	0.5255	None
TP53INP2	0.1667	-0.8265	None
NRADDP	0.4456	1.1105	None
HNRNPA3	0.249	0.6422	None
NSUN4	-0.1646	0.0157	None
RAB11B	0.0625	0.0731	None
WDR3	-0.2465	-0.5347	None
ITGB8	-0.9567	0.6925	None
SMIM4	0.1016	-0.006	None
SCGB2A1	-0.3823	-0.6594	None
SLX4	0.2172	0.4498	None
GPR173	-0.2473	-0.0438	None
NOMO2	0.8498	-2.5984	None
ITIH3	1.0287	0.0015	None
GID8	0.0662	-0.3757	None
AC007848.1	-0.872	2.5774	None
BX284668.2	-0.2713	-1.5912	None
HSPD1	-0.2001	-0.0206	None
LINC01615	-0.7005	1.5529	None
PEX14	-0.0281	-0.5027	None
RPS23	0.1461	0.0083	None
SNORD92	-0.2153	-0.9833	None
SNRPG	-0.1086	0.6088	None
FAM3D-AS1	-1.4228	-1.206	None
HGSNAT	-0.0341	0.4308	None
ABRACL	-0.0965	0.5364	None
ZNF350	0.2597	2.4398	None
AC233992.3	0.5024	0.9477	None
AC092574.1	-0.9228	0.5369	None
DAGLA	-0.1749	-0.4048	None
EMC10	0.2296	-0.337	None
PPP1R18	-0.4377	-0.2435	None
KIF18A	0.203	0.9101	None
ASTN2	-0.1737	-0.8848	None
AL645608.7	-0.9242	0.4399	None
ARL16	-0.2133	0.7693	None
LINC02008	-0.0539	0.245	None
ZFP41	-0.2159	-0.1416	None
RPL23AP24	-0.8265	-0.2182	None
KLHL33	-0.2153	1.379	None
DEPDC4	-0.345	-0.245	None
ZNF17	-0.0648	-0.3758	None
SORBS3	0.1216	0.5264	None
DNM2	0.1745	-0.2326	None
AC005050.1	-1.4623	-0.3375	None
AC060780.1	-0.5767	1.0132	None
AC099336.2	-0.0823	0.6082	None
ZNF227	0.039	0.0481	None
CD55	0.5811	-0.9647	None
SSBP3	0.111	0.1419	None
AC127502.3	-1.9677	1.121	None
HIST1H2AH	-1.1557	2.7105	None
GSK3A	0.1585	-0.4752	None
CNTROB	0.0482	0.405	None
RNF31	0.2319	-1.2515	None
AL603750.1	-0.619	0.6458	None
ZMYND10	-0.5343	1.0277	None
CGNL1	0.4284	0.3088	None
SCLT1	0.4428	0.5368	None
ADIPOR2	0.1823	-0.4192	None
RELN	0.0323	0.8052	None
AC090971.3	0.8156	3.9367	None
TAC4	-0.7515	1.8162	None
PNMT	1.9951	1.1563	None
FOXD2-AS1	-0.5178	0.5648	None
SYNCRIP	-0.0786	-0.1741	None
ATP6V1E1	-0.0417	0.0573	None
H3F3AP4	-0.1351	0.8328	None
HDAC9	-0.1728	0.0329	None
AC006128.1	-0.2438	2.9481	None
NAGK	-0.019	0.2943	None
CSKMT	-0.6855	-0.4092	None
PRKCE	0.4732	-1.3944	None
AC024475.1	0.0772	0.5255	None
CUL4A	-0.0109	0.4687	None
UQCRQ	-0.0617	0.4528	None
SRL	0.0436	-0.6443	None
AC105233.5	-0.4273	1.0444	None
YBX3	0.2055	-0.63	None
FAM86GP	-1.0838	1.3027	None
MAOB	-0.2601	-0.3708	None
SLC26A7	0.4691	2.2273	None
DHX58	-0.14	-0.1675	None
LRRC42	-0.056	-0.0151	None
VSIG10L	-0.0005	0.438	None
AFTPH	0.1686	-1.0022	None
P2RX5	-0.5894	0.5623	None
AL157827.2	-0.1479	3.5046	None
LEPROTL1	-0.0625	-0.1911	None
AC005479.1	0.0012	-1.5329	None
AC009090.5	-0.3468	2.733	None
RPL23AP23	0.0306	2.4429	None
KLRB1	-0.6705	0.7059	None
AC092953.1	0.5012	3.3386	None
AP001020.3	0.1922	4.0427	None
AC018553.2	-0.6991	0.0032	None
ZCCHC24	0.4929	-0.8774	None
TEFM	-0.3419	0.2851	None
USP44	0.5144	0.5865	None
FAM91A1	0.1547	-0.8189	None
TCERG1L-AS1	-0.7153	-1.4823	None
ZBTB8B	-0.8059	1.3505	None
SRRM2	0.0922	0.7236	None
HNRNPA1P4	0.5772	-0.1388	None
LGALS1	0.2797	-0.2469	None
TMA7	-0.2326	1.6294	None
AC099343.3	-0.2689	0.162	None
PPIAP4	0.0366	0.5512	None
LBR	0.1768	-0.2927	None
AL138885.3	-1.1705	-0.2817	None
SEPHS1	-0.0387	0.0098	None
AL391825.1	0.8818	2.3818	None
FAM20B	0.0247	-1.3153	None
ADCY10	-0.7075	-1.8669	None
CDON	0.1348	-0.2429	None
RPL21P11	1.4474	-0.6362	None
AC005034.3	-0.2028	-0.059	None
TCEAL4	-0.0803	0.3785	None
USP33	-0.0243	-0.1169	None
AC008761.3	0.2018	3.2361	None
GET4	0.3182	-2.0543	None
MRPL27	-0.2466	0.6955	None
AC091057.1	-0.0894	1.5598	None
AC127496.5	-0.4856	1.2121	None
AL365356.5	0.8534	-0.2879	None
AC005077.2	-0.1028	-1.706	None
COL1A1	0.2105	1.2062	None
SOX13	0.0424	-0.4222	None
UGCG	0.2987	-0.6809	None
AP000873.2	-0.1778	1.4115	None
AC020910.5	0.3523	-0.7253	None
VPS16	0.0052	0.1137	None
SLC35B3	-0.1154	-0.145	None
SH2D7	-0.5078	-0.2734	None
AL354707.1	-0.4815	0.1265	None
PITPNA	0.2311	-0.7106	None
AC022113.1	-0.534	1.4548	None
CFP	0.1684	2.5806	None
AL731566.1	-0.3766	3.6302	None
OPLAH	0.477	-0.3407	None
OBSCN-AS1	0.4761	0.5836	None
MTND5P2	0.8888	1.4429	None
ZNF397	-0.8188	0.5446	None
FDPS	-0.0087	0.0853	None
ZNF281	-0.2127	-0.294	None
AC008993.1	-0.9185	0.7766	None
PLAT	-0.0354	1.1774	None
KNL1	0.1777	0.211	None
USP16	0.1995	-0.6186	None
NR1D1	-0.5495	-1.4781	None
BORCS8-MEF2B	0.8199	2.379	None
FAM50A	0.0105	-0.2454	None
SDR39U1	-0.3564	-0.8369	None
NPRL2	-0.0243	0.1327	None
AL513318.2	-0.3117	0.2475	None
ARL5B	0.0633	-0.5813	None
SMCO3	-2.1526	0.379	None
PTGES3L	-0.475	1.1363	None
PMS2CL	0.246	0.424	None
LINC02133	-1.5078	1.3437	None
AC092617.1	1.2087	0.1916	None
RTN4R	0.2155	0.0417	None
FER1L6	-0.4016	1.2526	None
MIR593	0.8291	0.121	None
ALDH9A1	0.1587	-0.7198	None
KCNK15-AS1	-0.5591	-1.4882	None
EEF1A1P8	0.3696	0.7183	None
MFSD11	0.0074	0.2477	None
APOBEC3H	-0.1604	0.7359	None
ZNF322	-0.7984	-0.1334	None
AP4E1	0.0784	-0.6432	None
EHF	-0.0285	-2.7985	None
EIF5A2	0.2476	-0.5052	None
KPNB1	-0.1538	-0.2477	None
MT-TH	-0.6281	3.0294	None
NDEL1	0.1422	-0.6589	None
AC012065.5	-1.458	-1.6432	None
TMEM168	-0.3587	0.3366	None
TDRD3	-0.3339	-0.0937	None
MRTO4	-0.2574	0.2542	None
APEX1	-0.2245	-0.7328	None
AC084125.2	-0.2103	3.0865	None
KLRG2	0.3474	-2.8437	None
ADRB2	-0.3121	0.1255	None
AC245297.3	0.289	0.2893	None
AC093162.2	-0.2319	1.7506	None
HKDC1	0.5869	-2.8647	None
CHRNA3	0.106	0.3212	None
AL606763.1	-0.5773	-1.6873	None
POLRMTP1	-0.3308	-0.5974	None
KDM4C	0.2478	-0.8474	None
AC106820.1	0.8696	0.8437	None
RPL31P52	0.1217	3.4292	None
FAM229A	0.1231	2.2104	None
AC073842.2	-0.5414	2.5896	None
F2	0.1944	0.9549	None
EMP2	0.1438	0.0046	None
AC004830.1	1.4184	2.1268	None
CRIPT	-0.0787	-0.3484	None
CDKN1C	0.2904	0.2874	None
GRB2	0.2415	-0.7819	None
AC112484.2	0.0772	-0.5683	None
TLE2	0.0811	-0.4067	None
RBBP5	0.0318	-0.9533	None
ZNF547	-0.7638	1.0802	None
GLT8D2	0.23	0.9553	None
IHH	0.3696	1.379	None
SON	0.1477	-0.4498	None
AC092431.2	0.2847	0.3437	None
ERBIN	0.0508	-1.0674	None
ZBTB12	-0.9983	-0.0047	None
AC093591.2	-0.9046	1.9902	None
CCDC97	0.0773	-0.4453	None
AC097372.3	-0.445	1.3437	None
RTF1	0.0727	-0.4187	None
AC005104.1	-0.1386	4.4788	None
FKTN	0.073	-0.0564	None
SYTL1	-0.0663	0.4084	None
ZNF675	-0.1351	-0.241	None
ZNF702P	-0.4523	2.3678	None
MARK2P8	2.5321	0.3102	None
SMG9	-0.4549	0.5303	None
NECAP2	0.0134	-0.5544	None
AC027309.2	-0.3576	1.4633	None
GPR35	-0.397	0.9388	None
TM9SF3	0.1783	-0.1009	None
RALGAPA1	0.0254	0.5345	None
LINC02600	0.1349	0.0865	None
PKMP3	-0.9511	-0.1562	None
PNMA1	-0.0579	-0.5482	None
PLS3-AS1	-0.9666	2.4477	None
DYNC1I2	-0.0337	-0.5191	None
EIF4HP1	0.2938	-3.3245	None
RASSF7	0.1179	-0.1723	None
TATDN2P2	0.0028	0.893	None
AL591379.1	-0.4564	0.4488	None
SEC24D	0.1561	-0.5409	None
RPL15P18	-2.7136	-0.9985	None
CLTA	0.0675	-0.2488	None
AP000925.1	-0.2913	2.0865	None
AL365203.2	0.1367	1.2762	None
AL139156.1	-1.5931	0.1916	None
PRR23D2	0.7847	0.789	None
BMP7	0.1354	-0.681	None
TOMM34	-0.164	-0.3391	None
TBCB	-0.0026	0.1746	None
LINC00051	-0.3731	-2.3933	None
GATD1	-0.2355	1.3077	None
IGSF10	0.0815	1.9903	None
EID2	-0.168	0.8212	None
AL031283.1	0.4251	2.5046	None
BLID	-1.2731	1.9143	None
METTL21A	-0.0453	0.1034	None
MUCL3	0.3696	0.3454	None
STAMBPL1	-0.1756	-0.9894	None
AC004832.6	-3.1376	1.7009	None
AC122683.1	-0.1304	0.7766	None
AC245140.2	0.0436	1.5953	None
ZNF444	-0.0636	0.8088	None
RPS29P17	1.1092	-2.5422	None
TYRO3	0.0747	-0.1421	None
AC105429.2	0.8696	-1.1098	None
AC104771.1	0.5772	0.121	None
EIF2S3	0.0854	-0.7067	None
AC004233.2	-0.3515	2.0399	None
AL591866.1	0.2802	0.379	None
GLUD1P2	-0.3582	0.0865	None
VCL	0.5949	-0.7503	None
DAGLB	0.0577	0.0911	None
OR51J1	-0.8635	2.879	None
RNF214	-0.1351	-0.1515	None
ATG2B	0.0462	1.522	None
PKN2	0.1284	-0.1735	None
CR2	-0.6212	0.0969	None
FRG1-DT	-1.2153	-0.9487	None
CR382285.1	0.9808	-2.1158	None
FRAS1	-0.0613	0.1624	None
PLEKHH1	-0.1043	0.7023	None
AC006252.1	-0.8678	-0.983	None
CUL7	-0.0409	-0.1213	None
CYP4F8	1.1177	2.6511	None
MEN1	-0.1398	-0.2487	None
CERS5	0.2366	0.3002	None
ABHD8	0.1023	-0.3358	None
AC022107.1	-0.9416	-0.4042	None
AC090970.2	-2.0692	1.955	None
LINC01089	-0.56	1.9212	None
WHAMMP2	0.2199	1.2212	None
MGC16275	-0.0484	0.1363	None
FBXO36P1	-1.3468	0.5399	None
AFF3	0.0772	-0.4833	None
BTN3A1	0.0008	0.5615	None
AC007040.2	-0.4879	2.1977	None
AC008443.6	-0.6801	2.9143	None
U47924.3	0.6459	2.7475	None
AC007342.1	0.5772	1.7121	None
NUDT16L1	0.4168	-0.8021	None
LSM7	-0.1578	0.6324	None
NAA38	-0.2283	0.0009	None
SLC25A30-AS1	0.1883	1.1272	None
FGF3	-0.6286	-0.706	None
CRADD	0.2731	-2.208	None
RAB3IL1	0.027	-0.7967	None
TXLNG	0.1611	-0.9001	None
ALG1L12P	0.5993	-1.0393	None
FLJ31104	-1.0426	0.379	None
AL391863.2	-1.8713	0.121	None
THAP6	-0.4938	-0.0529	None
MEX3D	0.1756	-1.252	None
CEP250	0.1454	0.474	None
MTPN	0.1805	-1.0909	None
FBXL19	-0.2527	0.081	None
ACTB	0.0172	0.2114	None
AC136469.2	0.3344	0.5865	None
ENTPD5	-0.004	0.0151	None
NYAP1	0.1759	0.1279	None
AP5S1	-0.1178	0.268	None
ARFGEF2	0.1902	-0.0523	None
NAALADL1	0.042	1.0237	None
OR2H2	0.2119	3.7697	None
LINC02362	0.2997	0.0512	None
AC015813.7	0.6532	-1.3782	None
PITRM1	-0.0395	-0.1739	None
JRKL	-0.6568	0.0918	None
G3BP1	0.2131	0.1253	None
GOLGA8N	0.3604	2.0052	None
AC013472.3	-1.3023	0.879	None
AL121759.1	0.8696	2.1361	None
AL354892.3	0.3222	4.078	None
AC121338.2	0.1951	-0.4466	None
ATG7	0.1416	-0.142	None
SYPL1	0.0916	-0.0181	None
AC025419.1	-0.6812	-2.0456	None
C16orf71	0.299	-1.0201	None
SLC44A3-AS1	-0.0489	0.3887	None
HIST3H2A	-0.1744	-0.6094	None
E2F4	-0.009	0.0556	None
EGFL8	-0.0634	3.3657	None
XRCC5	-0.1889	0.1376	None
AC072052.1	0.4618	1.8939	None
SLC26A2	0.0849	0.3963	None
AL358942.1	0.2076	-0.0019	None
ASAH2	0.0478	-0.6253	None
GAPDHP65	-1.4228	-1.4488	None
TRIQK	0.025	-0.1734	None
SGO1	0.082	0.1096	None
OPRL1	-0.75	0.404	None
PCDHB15	1.5772	-0.6362	None
PAFAH1B2	-0.0084	-0.3469	None
ARSK	-0.1054	0.1474	None
VWA7	0.1315	-0.3381	None
AL592114.1	-1.5078	-0.0534	None
TAGLN2	-0.0212	-0.9873	None
LAMA5	-0.0103	1.7121	None
MRPS14	-0.0119	-0.2188	None
RALY-AS1	-0.2114	0.371	None
GOLGA8R	-0.6545	1.4753	None
ABCC3	0.2016	0.625	None
ENO3	-0.6078	2.4847	None
C11orf1	0.0898	0.4196	None
TTC26	-0.0828	-0.26	None
SRRM2-AS1	-0.1576	0.9644	None
AC006023.2	0.5144	1.7059	None
SMIM25	-0.2396	0.4317	None
NIPBL	0.0405	-0.0018	None
MPRIPP1	1.7381	-0.9833	None
AL365226.1	-2.5035	-0.8437	None
ZDHHC23	-0.3775	0.4585	None
MCRIP2	-0.2677	-0.148	None
AC137767.1	-0.164	1.5525	None
SLC44A2	0.0916	0.0869	None
LIX1L	0.2068	0.1637	None
AL359091.5	0.6759	0.0336	None
TGFA	0.2779	-0.9641	None
LNCAROD	-0.6347	-1.0896	None
FYTTD1	0.1116	-1.2887	None
NMNAT2	0.3284	2.6865	None
SIPA1L3	0.4865	-1.0342	None
ZKSCAN7-AS1	1.0857	0.0512	None
PMF1	0.1036	0.8743	None
VPS9D1-AS1	-0.6603	0.0978	None
EFCAB6	0.1377	1.3581	None
GTF2IP1	0.357	0.6026	None
HNRNPF	-0.1795	-0.5439	None
OTULIN	0.0204	-0.641	None
AL357033.2	-0.5641	-1.4889	None
AOC2	-0.0868	0.8816	None
EZR	0.5715	-0.927	None
AL157392.4	-0.2153	0.294	None
AL135791.1	-0.3468	0.6218	None
VPS26AP1	-0.9673	0.8437	None
COMMD6	-0.2117	-1.6588	None
AL159174.1	1.2786	0.9814	None
LARP4B	-0.046	-0.2284	None
MRPL41	0.0468	-0.0915	None
FTSJ3	-0.1414	-0.119	None
ACTG1P17	-1.534	-0.1898	None
DLG5-AS1	-0.3307	0.9288	None
CNTNAP1	-0.0479	0.5543	None
AC131212.4	0.2571	1.9814	None
AC023389.1	-0.5437	-0.1563	None
AC005020.2	1.0815	-0.6362	None
DOCK3	0.3305	1.3757	None
MALL	-0.4053	-2.0197	None
C1orf210	0.456	-1.7945	None
TTC5	-0.0737	-0.7894	None
OXSM	-0.2185	-0.0412	None
AC092747.4	-0.0865	1.204	None
CDKN2AIPNL	0.0867	0.057	None
ZNF487	0.0182	0.4532	None
B3GAT3	0.0424	0.028	None
XPOT	0.3148	-0.6742	None
AAK1	0.423	-0.6106	None
FAM90A2P	0.1532	3.1513	None
AC105285.1	0.1349	-0.55	None
BPGM	0.1016	-0.4326	None
CDR2L	0.2443	-0.8725	None
AL139095.2	0.1433	-0.6864	None
KISS1R	-0.6233	0.3291	None
AC104365.2	0.9035	0.4382	None
RGMB	0.4341	-0.4428	None
TAF9	0.1503	0.4932	None
AL592293.2	1.0568	1.0167	None
GSTT2	-0.2422	0.8174	None
NPHP4	-0.1645	-0.3491	None
LCMT1-AS2	0.0009	2.6639	None
CCDC160	0.8009	-0.903	None
IMPA1	-0.021	-0.5337	None
MIRLET7BHG	-0.9587	0.9294	None
SKA1	0.1818	0.4287	None
AC026464.5	0.4028	1.3437	None
GRAMD1C	0.3792	-0.3448	None
AL121845.3	-0.0128	2.0029	None
CARMN	0.0115	1.5865	None
DACT3-AS1	-0.4806	2.1017	None
AC004943.3	-0.8265	0.4662	None
SNORA80D	0.2847	2.3437	None
TNFRSF12A	-0.0998	-0.3771	None
SERPINB9	0.1156	-0.9161	None
NSUN5P1	-0.2882	2.1464	None
AC034102.3	0.046	-1.5329	None
NUTM2G	0.0272	2.8815	None
HNRNPA1P35	0.3182	1.0865	None
AC104472.1	-0.0838	2.121	None
AC239584.1	-0.1652	-0.5753	None
CIDEC	0.0772	1.0167	None
UBQLN2	-0.129	-0.5783	None
AC105036.3	-0.5897	-1.3782	None
SENP3-EIF4A1	-0.1304	1.213	None
TCERG1	-0.087	0.5225	None
BMS1P10	-0.144	-0.7709	None
AL117339.4	-0.9367	2.2769	None
HARS2	-0.0355	-0.0058	None
RNU4-1	1.4101	-0.1151	None
FAM98C	0.151	0.2147	None
SVIL-AS1	0.2403	-0.8172	None
GLUD1P8	-0.6705	2.7292	None
AMOTL2	0.2338	-1.8203	None
ZNF888	-0.0714	0.4068	None
LRIG2	-0.0372	1.1288	None
TPRX2P	1.7693	1.7766	None
TROVE2	0.0155	-0.8555	None
AP000302.1	0.8248	0.5512	None
TMEM86B	0.1806	1.7327	None
AC005332.5	0.0672	2.0972	None
RTEL1-TNFRSF6B	-0.4114	2.3663	None
TF	-0.2085	3.1982	None
TPST1	0.3429	-0.7074	None
SLC6A6	0.5832	0.5726	None
MASTL	-0.1328	0.3629	None
MRPS28	0.0023	-0.3639	None
ENGASE	-0.1484	1.3458	None
MEMO1P1	-0.4187	-0.6953	None
AC126564.1	0.1532	1.2827	None
SRM	-0.3414	-0.1093	None
TOLLIP	-0.0092	-0.6619	None
RPS6KA4	0.0868	-0.3644	None
AC008735.4	-0.6101	0.5788	None
TEKT2	0.7381	1.5136	None
SEPSECS	-0.4642	0.4824	None
AC016924.1	0.7953	-0.7157	None
SLC18A2	0.936	1.4902	None
LINC00899	-0.3763	1.8324	None
ITFG2	-0.259	1.1769	None
AC009948.3	0.2381	2.0806	None
AC012186.2	0.9808	0.9143	None
ADSL	-0.4373	0.4948	None
AL162274.3	1.6793	-0.4488	None
LINC01480	0.0323	-0.464	None
KCNE2	-0.378	-0.0519	None
PPP5D1	-0.8763	0.3863	None
FAM168A	0.2008	0.038	None
BAG1	0.0917	-0.4178	None
TFB1M	-0.0973	0.0688	None
ZKSCAN4	-0.0734	0.1623	None
RN7SKP16	-0.4001	0.7121	None
FEN1	-0.4152	0.8179	None
TAF6L	-0.1958	0.4959	None
AL359878.2	0.966	1.1563	None
CACNA1F	0.4808	0.052	None
AC009107.2	-0.8966	2.7199	None
TTC36	1.1754	-0.121	None
OXTR	-0.4069	1.574	None
AL162430.2	-0.2153	-0.4985	None
NOP16	-0.3538	0.576	None
AC093323.1	-0.1809	0.069	None
CYB561A3	-0.2807	-0.4113	None
HTR1D	0.2178	0.4665	None
AC011287.1	2.4274	0.2587	None
LYNX1	-0.274	0.2377	None
LINC01431	0.5899	0.6217	None
ALS2	0.1383	-0.6245	None
PBX3	0.2046	-0.651	None
SLCO5A1	-0.0488	-1.3739	None
AL359265.1	1.6976	-0.8782	None
IFI27L2	0.1463	0.4526	None
TRMT11	-0.4417	1.1234	None
RNU6-1098P	0.3696	-0.0186	None
MATN4	1.6068	0.6758	None
CCDC106	0.5154	1.0819	None
AL022318.1	0.4211	-0.206	None
PACSIN3	0.1439	0.4776	None
MIR659	0.2829	1.0512	None
AC093503.1	0.5772	0.6218	None
ZNF155	-0.3877	1.6014	None
HNRNPLL	-0.1544	-0.455	None
ARRDC5	1.1621	-1.6443	None
MYOZ3	-0.2731	-1.4781	None
SCRG1	-0.0078	1.7766	None
AL139260.1	-0.9228	0.9953	None
TGIF1	-0.6946	0.707	None
CLDN6	-0.2871	-1.4905	None
TANC1	0.1581	0.2039	None
CNGA1	0.2774	-1.1448	None
MTCO3P43	0.8746	4.0255	None
FP565171.1	-2.2913	-0.0745	None
GPM6B	-0.6172	3.384	None
CALHM5	-0.1028	0.8977	None
SNORD46	-0.6926	1.1715	None
DCST2	0.017	2.4373	None
THAP9-AS1	-0.2775	0.0183	None
SORBS1	0.37	-0.2236	None
VIRMA	0.0689	-0.1553	None
AC090826.2	0.5772	0.0512	None
LMCD1-AS1	0.5721	-0.907	None
ALG13-AS1	-0.8827	3.9617	None
GDI2	0.0007	-0.7788	None
AC008514.2	1.2733	1.1442	None
SERPINB5	-0.0141	-0.7117	None
CLRN3	1.9918	0.1218	None
CCT8P1	-0.0094	0.6751	None
HLA-DQA2	1.0366	0.7475	None
YWHAQ	0.1499	-0.6077	None
LINC01537	0.7381	0.5101	None
ADH5	0.0165	0.1767	None
AL032819.2	-0.3379	0.6361	None
PLAU	0.3341	-1.0071	None
C9orf24	-0.4381	0.9639	None
MAT2B	0.0096	-0.5686	None
MEMO1	-0.0347	-1.071	None
AC007382.1	0.4324	0.5425	None
TMEM184B	0.2675	-0.8413	None
ABCA5	-0.0016	0.9802	None
GNPDA1	0.0076	-0.3503	None
ZFPM2	-0.1262	0.5262	None
NLRP3	-1.1286	0.4266	None
FOLR1	-0.1417	-0.4412	None
AC015853.1	-0.4228	0.121	None
F7	0.6621	3.121	None
AC002525.1	1.2847	-0.8172	None
AC009318.1	-0.6609	0.194	None
FAM9B	0.4506	0.3638	None
AC026367.3	0.2499	2.6093	None
CARMIL1	0.0392	-0.4072	None
FLII	0.2696	-0.3245	None
ROCK2	0.2312	-0.2235	None
AL139353.1	-0.3318	2.8594	None
SAMD14	0.1911	-0.4251	None
FBLN7	-0.4666	1.874	None
AC021087.1	-0.0544	0.879	None
C5orf63	-0.4374	0.7074	None
AC090510.2	0.6912	4.4771	None
XPR1	0.3789	-0.806	None
OSGEPL1-AS1	-0.3816	1.2475	None
CD58	0.2597	0.2573	None
AC005104.2	0.0815	0.052	None
FAM198B	-0.0874	0.3923	None
LAMC3	-0.0271	-0.3941	None
AL445493.2	-0.7523	2.6563	None
MBNL1	0.0932	0.7488	None
DSCC1	-0.2805	-0.2985	None
RPL3L	-0.1526	0.0268	None
AC092118.1	-0.4673	1.6563	None
AC005041.1	-1.0078	-0.6563	None
AC108134.2	0.0496	0.5699	None
AC008700.1	-1.5931	-1.8084	None
AL442128.2	-1.2638	-0.4135	None
FLJ46284	-1.9666	2.1715	None
EDC4	0.1394	-0.8187	None
ATP2C1	0.0015	0.4267	None
CEP170B	0.2403	-0.3124	None
PARL	-0.1497	1.001	None
C1orf159	0.0196	1.598	None
ZSWIM7	-0.0981	0.077	None
AL139156.2	2.7733	1.1897	None
AC025678.3	0.6304	1.3209	None
CLINT1	-0.0471	-0.5328	None
MRPL23	0.1555	0.9289	None
AC010197.1	1.8802	-2.2699	None
GAMT	-0.2191	-0.0393	None
LINC01460	0.466	2.8594	None
POLA2	-0.6607	2.1866	None
PDE4C	-0.6275	0.9902	None
MTERF1	0.1148	0.3454	None
ADAD2	-0.9185	1.052	None
ANKRD53	-0.8554	1.7675	None
AC012442.1	-0.5838	2.379	None
HFE	0.2205	0.5579	None
AKAP6	-0.1342	-1.0989	None
STPG3	-0.4523	3.6933	None
AL121594.1	0.5772	2.1218	None
AC120114.1	-0.3946	-0.315	None
AC024075.2	0.3073	2.1155	None
WBP2NL	0.5366	0.3437	None
PNMA3	0.9918	1.1916	None
RPS3AP26	-0.1708	-0.1452	None
NFKB2	0.3141	-0.2042	None
AP002990.1	-0.236	0.5079	None
AGTPBP1	0.0472	-0.1464	None
ATF1	-0.1848	-0.6121	None
NOL8	-0.0815	0.327	None
WASIR2	-0.7445	-0.422	None
SPEG	0.0119	1.5064	None
NVL	-0.1812	-0.4928	None
APOBEC3G	-0.7737	2.4066	None
NDUFAF7	-0.1391	0.8151	None
AC092338.2	0.6937	1.2828	None
AC004951.4	0.5237	2.638	None
IL17RD	0.324	0.0178	None
PSMG2	-0.016	0.523	None
DBF4P1	-0.3196	0.379	None
KIAA0513	0.3639	-1.1589	None
LDHD	0.0458	-1.0691	None
ADGRF5P1	-0.4228	0.879	None
AL353807.2	0.7995	-0.1563	None
AP003486.1	-0.1922	0.9461	None
MVB12B	0.0225	-0.7414	None
TUBA3FP	-0.7153	1.7121	None
KCNAB3	-0.0767	2.6477	None
PDPR	0.1287	0.4038	None
HMGN2P41	1.9808	0.379	None
ZNF214	-0.9726	1.7475	None
ZBTB49	-0.1829	-0.2874	None
ZNF250	-0.2743	-0.2336	None
GTF2A2	0.2281	-0.3539	None
RNU1-138P	-0.3823	-1.2909	None
LINC01058	0.8696	0.0865	None
DNAJC21	0.0698	-0.375	None
HMGB3P14	1.4954	0.5865	None
EEF1AKMT3	-0.1556	0.5811	None
BMS1P4	-0.0622	4.1977	None
KRT43P	-1.2888	1.879	None
AC233723.1	1.0306	1.021	None
SLC3A1	0.4324	1.5399	None
AC012441.2	-1.458	-0.1563	None
ZNF747	-0.0221	0.3801	None
APLN	-0.3265	-1.2354	None
GBP2	-0.6217	-0.8442	None
AF117829.2	-0.378	0.121	None
AC106820.6	0.9231	-1.5948	None
RNU6-190P	0.1434	3.0753	None
SUGP1	0.1031	-0.0093	None
CEP78	-0.2091	0.3283	None
ARHGAP32	-0.0169	0.0981	None
AHSA2P	-0.269	3.6048	None
RNU6ATAC18P	1.5772	-1.464	None
NIPAL2	-0.7419	-0.3066	None
LINC01119	-0.5208	0.2412	None
AC011944.1	-0.9228	-1.7474	None
ATAD3A	-0.137	-0.4114	None
MROH3P	0.2664	-1.1707	None
CDC37P2	0.7826	1.4027	None
AL357033.4	-0.2783	-2.9388	None
PCCA-AS1	-0.0838	0.3518	None
LPIN2	0.6466	-0.9625	None
TEX19	-0.6577	-1.0303	None
TP53RK	-0.106	-0.8942	None
SNORA5C	-0.1656	1.6442	None
RN7SL441P	1.6066	0.121	None
FOXH1	0.1536	2.4807	None
ZNF324B	-0.5344	-0.9442	None
RHPN2	0.3036	-0.7183	None
SMARCA1	-0.0027	0.3657	None
RPL7P23	0.0094	-0.2236	None
DCUN1D2-AS	-0.1968	2.6279	None
ZNRF2	0.1476	-0.1278	None
JARID2-AS1	-0.8265	1.8579	None
JAG2	-0.0155	0.2593	None
CXXC1	0.2135	0.1223	None
NUDCD2	0.0826	0.1728	None
DAND5	-0.8265	-0.9833	None
SEPT10P1	-0.7602	-1.3052	None
LIFR	0.4318	0.0494	None
AL139099.2	-1.2602	3.0255	None
WASHC3	-0.1678	0.9116	None
COG5	0.1578	-1.373	None
ZDBF2	-0.1937	1.4071	None
HACL1	0.5991	-0.2913	None
SMTN	0.5088	0.2228	None
AC009802.1	-0.3025	1.3968	None
AL139095.5	-0.7153	0.5167	None
PRKCQ	0.3408	0.3758	None
MAGI2	-0.0192	-1.4407	None
INE1	-0.3395	3.1041	None
HIST2H2AC	-1.5686	1.1363	None
PPP3CC	-0.2083	-1.0487	None
KCTD9P4	0.9456	0.7475	None
KIAA0895L	-0.4797	1.6855	None
C17orf75	-0.1245	-0.1464	None
NID2	1.0481	1.879	None
RF00096	-1.2913	2.3033	None
RPL37AP1	0.1503	-0.6717	None
MECP2	-0.0434	0.0139	None
SCAMP1-AS1	0.0034	0.1303	None
MYLPF	-0.4523	0.9953	None
NSUN2	-0.2836	-0.305	None
MTRNR2L3	-0.6304	0.0512	None
AC245884.8	-1.6416	2.4438	None
RDM1	0.5094	0.4324	None
NTS	0.6621	1.7143	None
CRACR2A	0.0154	-0.2891	None
INSIG1	0.3121	-0.1421	None
C7orf31	-0.8723	0.1718	None
AL391650.1	-0.1284	1.3162	None
GNAI2	0.2102	-0.3075	None
SART1	0.23	0.2013	None
AC021851.1	-0.9627	1.1743	None
GOLM1	0.2962	-0.5287	None
CD70	0.0674	0.5601	None
WFDC3	0.8113	0.1592	None
PRPF31	-0.0786	0.6403	None
AC110285.3	-1.5078	1.9136	None
CCDC102B	-1.0676	-0.8216	None
TOR3A	-0.0098	-0.1194	None
USP53	0.3111	-0.5213	None
AL592148.3	-0.1009	2.2327	None
IGHE	-2.0078	-1.9985	None
AL049552.1	-0.3805	3.0991	None
AC015726.1	0.5321	3.0092	None
AC006449.2	-0.3155	0.0085	None
SRSF5	0.0681	0.5841	None
CYP2F1	-1.2153	1.7828	None
UNC119	0.1666	0.5671	None
HMG20A	0.1334	-0.5416	None
ADPRM	0.0972	-0.34	None
KLC4	0.0197	0.0259	None
AADAT	-0.3414	1.3367	None
LRP11	0.1155	-0.0949	None
MIR6747	-1.4118	0.0865	None
TMEM150A	-0.212	-0.0993	None
AC145285.6	-0.2369	-0.225	None
AC010320.2	1.1621	-0.0857	None
AC020917.3	-0.8823	-1.3782	None
CES4A	-0.9228	0.6978	None
HSPA12A	0.0549	0.1205	None
ENY2	-0.1229	0.9233	None
AC087477.2	0.6621	5.5849	None
AC009237.15	0.6269	1.7766	None
AC018553.1	-0.7913	3.2475	None
GHRL	-0.6468	2.1715	None
PSMG1	-0.0901	0.2495	None
SLC7A6OS	-0.1631	-1.0974	None
B3GNT4	-0.1829	0.4354	None
COMMD1	0.294	0.5067	None
BEST4	-0.214	1.455	None
AC068473.5	-0.9314	-0.0914	None
WAC	0.1027	-0.8195	None
AP2A2	-0.0794	-0.9975	None
LINC01315	0.1866	-0.0513	None
RHOQ	0.0686	0.0168	None
AC027020.1	-1.4025	-0.9783	None
HLA-J	-0.9773	3.0479	None
AC010883.1	-0.4694	2.418	None
AL353662.2	2.0123	1.9292	None
AC090844.3	0.2847	2.121	None
SF3B5	-0.1067	-0.552	None
SAAL1	-0.1266	-0.0996	None
AL023583.1	0.0772	-0.9135	None
ABHD17C	-0.1879	-0.6293	None
ROPN1	-0.4228	-1.3782	None
ZNF316	0.1374	0.4428	None
AXDND1	-0.3282	1.9982	None
AL137779.2	-0.0343	-1.1694	None
ECD	-0.0886	0.3451	None
HMGXB4	-0.0377	0.0918	None
NIPSNAP2	-0.1625	-0.592	None
TMOD2	-0.2319	-0.3779	None
CMTM3	-0.1468	0.3294	None
OTX2-AS1	-0.4225	1.7059	None
ZNF611	0.1288	0.1013	None
HSP90AB1	0.0564	0.3103	None
SMG6	0.2039	-0.6225	None
HCFC2	-0.5955	-0.8734	None
MYH4	0.1177	3.3616	None
RPL5P30	0.1066	0.7313	None
RN7SL430P	-1.5483	2.3033	None
MAGOH2P	-0.3338	-0.3172	None
GNPTG	0.034	0.8508	None
MFSD3	-0.5049	-0.3218	None
ANXA10	-0.8135	3.1543	None
SLC52A2	0.09	0.2411	None
ISPD	-0.6121	-0.9572	None
ITIH2	0.3611	2.4902	None
ANKRD27	-0.1189	-0.4543	None
RILPL1	0.0842	-0.4769	None
PRKX	0.0034	-0.3438	None
HLA-DQB2	-1.4228	-0.5745	None
RMDN3	0.1459	-0.6606	None
PA2G4P2	0.5144	-0.1708	None
PSMA3	-0.2667	0.6599	None
BCORL1	0.0864	-0.583	None
TES	0.3279	-1.0578	None
TTC7B	10.5415	-1.3155	L-H
AC024909.2	-2.8822	3.2131	H-L
AL117339.5	-2.4666	2.9902	H-L
AP000553.3	2.4678	1.4902	H-H
CXCL8	1.9808	-3.2979	L-H
DUSP6	-1.5491	1.7559	H-L
ACTN2	-2.5883	1.1343	H-L
ADRA1D	-2.4875	1.6847	H-L
SOX2-OT	-3.458	1.0237	H-L
SLPI	1.4127	-2.497	L-H
BHLHE41	-1.3183	-1.3315	L-L
AP005212.4	-2.8265	1.3293	H-L
NDRG1	1.3193	-1.3525	L-H
HSPA1B	1.5177	-2.8924	L-H
IGFBP3	1.2748	-1.2794	L-H
FOXD4L3	-2.2448	1.7059	H-L
LAMB3	1.1749	-1.5262	L-H
JAML	3.2471	2.4637	H-H
CEP83-DT	-3.7696	-1.6857	L-L
RASL10B	-2.0928	1.9143	H-L
AL353795.3	2.1473	1.8437	H-H
LAMC2	1.0196	-1.3775	L-H
TMC3	-1.5078	2.7827	H-L
LINC00514	-1.9296	2.2828	H-L
SIAH2-AS1	1.8845	2.9814	H-H
FAM129A	1.0462	-1.3763	L-H
SDC4	1.0279	-1.4612	L-H
ANGPT2	-1.0057	1.8365	H-L
AL109615.1	1.6621	1.7766	H-H
AC139426.1	2.3543	2.7413	H-H
HCN1	-2.963	1.955	H-L
IL20RB	1.0435	-2.8973	L-H
