EPI	TE	PrE	Group
0.295245541053476	0.257886426190155	0.44686803275637	All three
0.0913666346524917	0.407069869026353	0.501563496321156	All three
0.166441919968064	0.658695842571404	0.174862237460532	All three
0.34101470168585	0.15958889764769	0.49939640066646	All three
0.381689395226269	0.26549188479332	0.352818719980411	All three
0.541619802000914	0.366477968524314	0.091902229474772	All three
0.224824147834141	0.129389794733753	0.645786057432106	All three
0.230663769861878	0.536033004752592	0.233303225385531	All three
0.395768369433617	0.402450631610434	0.201780998955949	All three
0.15256271397247	0.538630277398435	0.308807008629095	All three
0.238648727307621	0.282951623651692	0.478399649040686	All three
0.409695247402534	0.125412436155086	0.46489231644238	All three
0.409460021595237	0.238242806472965	0.352297171931797	All three
0.499474472309106	0.290279330392221	0.210246197298673	All three
0.310821981228581	0.127594652034388	0.561583366737031	All three
0.246281764751464	0.257105007303067	0.49661322794547	All three
0.354763914798519	0.482566734282574	0.162669350918907	All three
0.293725543164575	0.508729873787488	0.197544583047937	All three
0.24816386664029	0.54435365305133	0.207482480308381	All three
0.530100282811909	0.259420785449814	0.210478931738278	All three
0.634426169096254	0.134824081868757	0.230749749034989	All three
0.30971011402427	0.587901138530076	0.102388747445653	All three
0.431311509055685	0.556115198885444	0.0125732920588709	EPI + TE
0.212289289422145	0.781306827164045	0.00640388341380986	EPI + TE
0.332543449029775	0.468442875049016	0.199013675921209	EPI + TE
0.472756228336695	0.459335879859663	0.0679078918036421	EPI + TE
0.560165771621993	0.35289818348919	0.0869360448888167	EPI + TE
0.585181880388657	0.357106981752814	0.0577111378585283	EPI + TE
0.587436807561218	0.411995506814752	0.000567685624030202	EPI + TE
0.416064051015638	0.521809912140802	0.0621260368435595	EPI + TE
0.643554200746382	0.29091075047206	0.0655350487815582	EPI + TE
0.518065298111087	0.478072986819808	0.00386171506910511	EPI + TE
0.480013620276146	0.519604871759225	0.000381507964628454	EPI + TE
0.497844680655472	0.49536100636502	0.0067943129795075	EPI + TE
0.51640037397227	0.430997380328136	0.0526022456995947	EPI + TE
0.237421882820703	0.761872392653892	0.000705724525405003	EPI + TE
0.551817092695575	0.419553055647851	0.0286298516565736	EPI + TE
0.353809753485573	0.590766255833517	0.0554239906809103	EPI + TE
0.480632520810526	0.451356831857558	0.0680106473319161	EPI + TE
0.488677728336506	0.509070057567654	0.00225221409583931	EPI + TE
0.415193826167339	0.584795471287769	1.07025448926625e-05	EPI + TE
0.298346902996713	0.510273328703733	0.191379768299555	EPI + TE
0.412583296251972	0.583929563534143	0.0034871402138857	EPI + TE
0.656228807105318	0.238128720405483	0.1056424724892	EPI + TE
0.519733073733845	0.429629880141836	0.0506370461243193	EPI + TE
0.741703325246283	0.244199185879905	0.0140974888738113	EPI + TE
0.448169358632336	0.525667154050896	0.0261634873167685	EPI + TE
0.50573202265211	0.44815856633795	0.0461094110099396	EPI + TE
0.153141074285134	0.545553564959254	0.301305360755612	EPI + TE
0.504549531096611	0.486022471316703	0.00942799758668518	EPI + TE
0.6953756374742	0.0161784030409066	0.288445959484893	EPI + PrE
0.43233990289212	0.0129382107856373	0.554721886322242	EPI + PrE
0.651543142997446	0.0316394509894722	0.316817406013081	EPI + PrE
0.358813601719676	0.0638924514112259	0.577293946869099	EPI + PrE
0.510972283270635	0.00621699094195853	0.482810725787407	EPI + PrE
0.391514066696816	0.0270519532726262	0.581433980030558	EPI + PrE
0.694166659192608	0.0421374172903123	0.26369592351708	EPI + PrE
0.319979841216922	0.00207848958506136	0.677941669198016	EPI + PrE
0.403919590176909	0.279250039284449	0.316830370538642	EPI + PrE
0.435448334700813	0.00605206618891563	0.558499599110271	EPI + PrE
0.481028095359458	0.0836327355863686	0.435339169054174	EPI + PrE
0.426700428253937	0.0084060486892826	0.56489352305678	EPI + PrE
0.724291057183135	0.0439429111793441	0.231766031637521	EPI + PrE
0.58386338887425	0.0165133213954909	0.399623289730259	EPI + PrE
0.58253607083621	0.0568033138230422	0.360660615340748	EPI + PrE
0.636652016356063	0.00170128709283963	0.361646696551097	EPI + PrE
0.313615045497258	0.134172516907228	0.552212437595513	EPI + PrE
0.761251567358825	0.00260954071719266	0.236138891923982	EPI + PrE
0.297053727312458	0.0302126852503431	0.672733587437199	EPI + PrE
0.678978929175968	0.116928413087798	0.204092657736233	EPI + PrE
0.326257268282818	0.00615930149275024	0.667583430224432	EPI + PrE
0.545059628939327	0.0368016570496213	0.418138714011051	EPI + PrE
0.434487316067615	0.0266258318261425	0.538886852106242	EPI + PrE
0.46687347622125	5.95217407963419e-05	0.533067002037953	EPI + PrE
0.248026216595755	0.00646004971590397	0.745513733688342	EPI + PrE
0.371716208792948	0.050345550352388	0.577938240854664	EPI + PrE
0.429064536471103	0.126208575446397	0.444726888082501	EPI + PrE
0.752097956635676	0.097513256904216	0.150388786460108	EPI + PrE
0.105800265107094	0.347588447942659	0.546611286950247	TE + PrE
0.00433216436801043	0.571775326581889	0.423892509050101	TE + PrE
0.0409922277725566	0.534066978765268	0.424940793462175	TE + PrE
0.0243508085976554	0.436197927570637	0.539451263831708	TE + PrE
0.083703092019526	0.288375416507494	0.62792149147298	TE + PrE
0.000572111999568726	0.706028598735545	0.293399289264887	TE + PrE
0.00455687202801227	0.690759187809631	0.304683940162356	TE + PrE
0.0263402541155707	0.696922282629568	0.276737463254861	TE + PrE
0.04317692924019	0.520612162266582	0.436210908493228	TE + PrE
0.051494021149967	0.464261952036035	0.484244026813998	TE + PrE
0.00661289113328955	0.655704631518598	0.337682477348113	TE + PrE
0.00335128122794237	0.371165888353241	0.625482830418817	TE + PrE
0.282146952449383	0.388100437655273	0.329752609895343	TE + PrE
0.0314869554863213	0.543366109546162	0.425146934967517	TE + PrE
0.118362120568265	0.258481996445675	0.623155882986059	TE + PrE
0.011553411366624	0.41466575472195	0.573780833911426	TE + PrE
2.49473714333373e-05	0.412866923761645	0.587108128866922	TE + PrE
0.0109980355755003	0.570851791139268	0.418150173285232	TE + PrE
0.000914659893931832	0.313028385944285	0.686056954161783	TE + PrE
0.156666944283808	0.366750606963159	0.476582448753033	TE + PrE
0.0464528411795108	0.45113079986504	0.502416358955449	TE + PrE
0.00256001664305361	0.497984508557892	0.499455474799055	TE + PrE
0.0104059935490411	0.384045653070498	0.605548353380461	TE + PrE
0.0233052153928271	0.471742550780397	0.504952233826776	TE + PrE
0.249210904088345	0.2005750314491	0.550214064462555	TE + PrE
0.00802564313925278	0.346557630869266	0.645416725991481	TE + PrE
0.00135526750218973	0.213410177959959	0.785234554537851	TE + PrE
0.101286963717663	0.406054027395139	0.492659008887198	TE + PrE
0.974177297191818	0.00905453141770146	0.0167681713904808	EPI only
0.849199325909934	0.105410332078254	0.0453903420118122	EPI only
0.911283488900478	0.0251612756702838	0.0635552354292378	EPI only
0.758518497907102	0.00173266207429865	0.239748840018599	EPI only
0.957239662914124	0.0282421130788923	0.0145182240069837	EPI only
0.886540347998786	0.0174244019498054	0.0960352500514084	EPI only
0.931530278913917	0.0433831546646539	0.0250865664214287	EPI only
0.777476893031396	0.0954484153268917	0.127074691641712	EPI only
0.88903663556343	0.0378039049436069	0.0731594594929626	EPI only
0.738218599333319	0.236754882624225	0.0250265180424561	EPI only
0.96903590816218	0.00787313507030918	0.0230909567675105	EPI only
0.909055878658659	0.0319196857568584	0.0590244355844829	EPI only
0.875324300510087	0.0341889248390533	0.0904867746508591	EPI only
0.797862036903692	0.165437608266053	0.0367003548302549	EPI only
0.887521577041882	0.00537608342482597	0.107102339533292	EPI only
0.789848172098109	0.189249633930628	0.0209021939712625	EPI only
0.925739006599065	0.0373395533369623	0.0369214400639726	EPI only
0.820355264477886	0.0902103898982517	0.0894343456238625	EPI only
0.989522228127598	0.00104970025310928	0.00942807161929228	EPI only
0.958152528676155	0.0183115963076931	0.0235358750161514	EPI only
0.790171243548762	0.204120906578998	0.00570784987224006	EPI only
0.926359919444039	0.0496759749083384	0.0239641056476224	EPI only
0.937363595272072	0.0223071327397535	0.0403292719881749	EPI only
0.792120998389246	0.0736856502644937	0.134193351346261	EPI only
0.893547729517708	0.0716667962915585	0.0347854741907339	EPI only
0.951041116475521	0.000661489271370756	0.048297394253108	EPI only
0.871189160194746	0.0919436569990414	0.0368671828062123	EPI only
0.931853673152147	0.0326161834092538	0.0355301434385989	EPI only
0.957913877834891	0.0211819849469583	0.020904137218151	EPI only
0.825379320191246	0.151384544115613	0.0232361356931414	EPI only
0.742311433235317	0.00120848751837257	0.25648007924631	EPI only
0.936129182031961	0.024799013948672	0.0390718040193673	EPI only
0.78527805522574	0.202626864180662	0.0120950805935984	EPI only
0.924103046846436	0.0427971898594369	0.0330997632941274	EPI only
0.899573200468555	0.00741859902060842	0.0930082005108364	EPI only
0.758262523582867	0.07909240305187	0.162645073365263	EPI only
0.835283035189431	0.114938303626053	0.049778661184516	EPI only
0.975903131603102	0.00976251291993157	0.0143343554769664	EPI only
0.870879792910351	0.0450736156912542	0.0840465913983948	EPI only
0.949929499786798	0.00470499985976133	0.0453655003534402	EPI only
0.925059988366064	0.0325802419162284	0.0423597697177079	EPI only
0.912259826770202	0.00769584132618562	0.0800443319036124	EPI only
0.0169084304789811	0.966740523458934	0.0163510460620849	TE only
0.0293726005250567	0.88979807255165	0.080829326923293	TE only
0.0065583599947271	0.90097205226462	0.0924695877406527	TE only
0.162494244762772	0.831499514081219	0.00600624115600918	TE only
0.101363245539566	0.891367152498512	0.00726960196192279	TE only
0.0931334633450847	0.898361649820682	0.00850488683423361	TE only
0.0593797908282321	0.904669871976633	0.0359503371951347	TE only
0.0321471218263521	0.877262954120877	0.0905899240527713	TE only
0.00397048471807286	0.969976209080419	0.0260533062015082	TE only
0.0158507386075885	0.873775289796025	0.110373971596386	TE only
7.09319483932709e-05	0.965060151269533	0.0348689167820739	TE only
0.00426906736267002	0.948348685619105	0.0473822470182245	TE only
0.0444904340163393	0.887529805830483	0.067979760153178	TE only
0.035524581890047	0.943655413936228	0.0208200041737252	TE only
0.025365471830567	0.810692068778719	0.163942459390714	TE only
0.0639612092068788	0.85429268151561	0.0817461092775105	TE only
0.131012049637825	0.782558059873915	0.0864298904882609	TE only
0.0410167945695258	0.941411219173034	0.0175719862574399	TE only
0.079882289994698	0.90556926726733	0.0145484427379717	TE only
0.0254215193419784	0.96937768978873	0.0052007908692919	TE only
0.187956690883412	0.784208150637289	0.0278351584792989	TE only
0.0920866109700668	0.724454501349597	0.183458887680336	TE only
0.105972679483871	0.827586709155278	0.0664406113608516	TE only
0.0480169916633499	0.879619075784524	0.0723639325521264	TE only
0.0499989211237315	0.843100071567515	0.106901007308754	TE only
0.0245731350533044	0.947191985140587	0.0282348798061085	TE only
0.0590865093835524	0.854351466097579	0.0865620245188683	TE only
0.141941632248673	0.79506092105997	0.0629974466913564	TE only
0.109155891346946	0.851238680366993	0.0396054282860617	TE only
0.130225562997466	0.854086208907774	0.0156882280947604	TE only
0.0189728234120015	0.959841624932169	0.0211855516558292	TE only
0.0161409977495152	0.983350608600052	0.000508393650432905	TE only
0.0530052119887402	0.721375845996084	0.225618942015176	TE only
0.0813593740629054	0.845088290404052	0.0735523355330429	TE only
0.0153281459904903	0.740284598927279	0.244387255082231	TE only
0.108651518260119	0.856473050255678	0.0348754314842028	TE only
0.111496132163	0.869261204759679	0.0192426630773209	TE only
0.00879401085850127	0.912565589883076	0.0786403992584228	TE only
0.0139203139804239	0.929874673117217	0.0562050129023594	TE only
0.0142207438423825	0.959170091679599	0.026609164478018	TE only
0.062139648711246	0.860979049856636	0.0768813014321182	TE only
0.00984319067894334	0.952409949049393	0.0377468602716633	TE only
0.0554188652454916	0.215214236771827	0.729366897982681	PrE only
0.125391120319334	0.0318894658585544	0.842719413822112	PrE only
0.119240843530098	0.143107858405156	0.737651298064745	PrE only
0.0318538652679354	0.0295130690683014	0.938633065663763	PrE only
0.00533422529398067	0.151038256362027	0.843627518343992	PrE only
0.0539295964130853	0.178846849300573	0.767223554286342	PrE only
0.126317805229464	0.0479662318763826	0.825715962894153	PrE only
0.0607963243620134	0.00734883108182734	0.931854844556159	PrE only
0.0174764270459804	0.0276512753185119	0.954872297635508	PrE only
0.0419630397319677	0.0610581347092884	0.896978825558744	PrE only
0.0546798436011132	0.0177975265694881	0.927522629829399	PrE only
0.185548132475843	0.0665991956800985	0.747852671844058	PrE only
0.00116462357611662	0.0597290990823634	0.93910627734152	PrE only
0.0580543692458192	0.000924117542485661	0.941021513211695	PrE only
0.0443063739373969	0.0997989150416584	0.855894711020945	PrE only
0.0966835946163762	0.044138034205122	0.859178371178502	PrE only
0.153041844972333	0.0373216355498747	0.809636519477793	PrE only
0.074494657473809	0.0653939047125338	0.860111437813657	PrE only
0.134144382872334	0.0721139130581922	0.793741704069474	PrE only
0.0647561620381853	0.0867100016139434	0.848533836347871	PrE only
0.0595111817103415	0.0696654274939025	0.870823390795756	PrE only
0.103262875148733	0.0216865444628758	0.875050580388391	PrE only
0.181356246112687	0.134288841564052	0.684354912323261	PrE only
0.195772546737313	0.0382056291068163	0.766021824155871	PrE only
0.108009028549588	0.0146651147716388	0.877325856678774	PrE only
0.0758114189103019	0.0370335974889936	0.887154983600705	PrE only
0.0928214166340814	0.0106510232752474	0.896527560090671	PrE only
0.128809439714656	0.113615347687799	0.757575212597545	PrE only
0.0177266086185595	0.0204964247566508	0.96177696662479	PrE only
0.011773141647218	0.010966483956855	0.977260374395927	PrE only
0.0612717663689644	0.000433572484708286	0.938294661146327	PrE only
0.030109691141238	0.133971264779612	0.83591904407915	PrE only
0.0156756611177212	0.19880624087417	0.785518098008109	PrE only
0.0180293664097907	0.0652318253152038	0.916738808275006	PrE only
0.0494570482167725	0.000446316736911611	0.950096635046316	PrE only
0.0226637823796589	0.0457090169467589	0.931627200673582	PrE only
0.0359642356075451	0.0389769189306342	0.925058845461821	PrE only
0.0882208288960527	0.0188607716777651	0.892918399426182	PrE only
0.0374764848403283	0.0727830947939245	0.889740420365747	PrE only
0.0851390214860349	0.0531881736266828	0.861672804887282	PrE only
0.0259433108495533	0.101346282874184	0.872710406276262	PrE only
0.0340542795802742	0.0454300001986388	0.920515720221087	PrE only
