aa	class	n	label
13	Missense	1	
22	Truncating	1	
28	Missense	1	
43	Missense	2	
48	Other	1	
72	Missense	2	
91	Truncating	1	
110	Missense	2	
126	Missense	1	
132	Missense	1	
138	Inframe	1	
141	Missense	2	
151	Missense	1	
157	Missense	3	
163	Missense	4	Y163
163	Truncating	1	
173	Missense	4	
175	Missense	18	R175
175	Truncating	2	
176	Missense	6	C176
176	Truncating	1	
179	Missense	3	
179	Inframe	1	
181	Missense	1	
193	Missense	2	
195	Missense	2	
196	Missense	3	
196	Truncating	2	
205	Missense	1	
213	Missense	5	R213
213	Truncating	2	
216	Missense	1	
220	Missense	5	Y220
227	Missense	1	
234	Missense	3	
237	Missense	4	
239	Missense	3	
241	Missense	2	
245	Missense	9	G245
245	Truncating	1	
248	Missense	16	R248
248	Truncating	1	
248	Other	1	
249	Missense	8	R249
249	Inframe	1	
251	Missense	1	
258	Missense	2	
266	Missense	3	
267	Missense	1	
273	Missense	20	R273
273	Truncating	1	
275	Missense	1	
278	Missense	5	
280	Missense	4	
281	Missense	1	
282	Missense	12	R282
285	Missense	3	
298	Truncating	1	
306	Truncating	1	
331	Truncating	1	
337	Missense	2	
337	Truncating	1	
342	Missense	1	
365	Missense	1	
387	Other	1	
