umap_1	umap_2	Celltype	Timepoint	Condition
-4.5251	1.5836	Neurons	T0	Control
-4.1854	1.2381	Neurons	T0	Control
-5.0341	1.7095	Neurons	T1	Control
-4.9495	1.8171	Neurons	T0	Obesity
-3.5518	1.8005	Neurons	T0	Control
-4.7138	2.5389	Neurons	T1	Obesity
-3.472	0.8907	Neurons	T1	Obesity
-3.8563	2.6979	Neurons	T0	Obesity
-4.2251	2.065	Neurons	T0	Control
-4.7523	0.8979	Neurons	T2	Control
-4.6556	1.2273	Neurons	T0	Control
-4.3916	1.8442	Neurons	T0	Control
-5.0461	1.8852	Neurons	T2	Obesity
-4.3406	2.1526	Neurons	T0	Control
-4.8325	1.8701	Neurons	T2	Obesity
-4.1932	2.6638	Neurons	T1	Obesity
-4.3226	1.9056	Neurons	T1	Control
-3.7117	1.5501	Neurons	T0	Control
-4.5257	1.3496	Neurons	T0	Obesity
-4.5606	1.9656	Neurons	T0	Control
-4.5754	0.9475	Neurons	T0	Obesity
-4.2087	1.4011	Neurons	T0	Control
-4.4434	1.3612	Neurons	T0	Control
-4.0061	2.936	Neurons	T0	Control
-4.1598	2.9271	Neurons	T0	Obesity
-4.1961	2.2324	Neurons	T0	Obesity
-4.3032	1.8995	Neurons	T0	Obesity
-4.6211	1.4263	Neurons	T0	Control
-4.3216	2.6051	Neurons	T2	Control
-4.741	2.0446	Neurons	T2	Obesity
-4.8074	0.929	Neurons	T0	Obesity
-4.716	1.8665	Neurons	T0	Obesity
-3.8268	1.3987	Neurons	T2	Control
-5.0676	1.5158	Neurons	T0	Obesity
-4.6785	2.4244	Neurons	T0	Obesity
-3.9334	1.6247	Neurons	T0	Control
-4.3023	1.851	Neurons	T0	Control
-3.3499	2.1451	Neurons	T1	Control
-4.5363	1.642	Neurons	T0	Control
-4.3913	1.9523	Neurons	T1	Obesity
-5.1001	1.9973	Neurons	T0	Control
-4.1888	1.2929	Neurons	T2	Obesity
-3.7095	1.2506	Neurons	T0	Control
-4.68	1.6474	Neurons	T2	Obesity
-3.7105	1.8846	Neurons	T0	Control
-4.3891	1.1914	Neurons	T1	Control
-5.4027	1.7289	Neurons	T1	Obesity
-3.716	2.511	Neurons	T1	Control
-3.8019	1.8855	Neurons	T1	Obesity
-4.0791	1.8764	Neurons	T0	Obesity
-3.7656	1.2908	Neurons	T0	Control
-4.3265	1.4494	Neurons	T1	Control
-4.6502	0.4885	Neurons	T1	Control
-3.9251	1.9139	Neurons	T2	Control
-4.1124	1.8484	Neurons	T1	Control
-3.9016	2.168	Neurons	T0	Obesity
-4.2862	0.7732	Neurons	T1	Control
-3.9587	0.9623	Neurons	T1	Obesity
-3.3817	3.0198	Neurons	T2	Control
-4.1669	0.5798	Neurons	T0	Obesity
-4.667	0.9537	Neurons	T2	Obesity
-2.9132	2.1482	Neurons	T1	Control
-4.2667	2.0261	Neurons	T2	Control
-5.2726	1.4788	Neurons	T0	Obesity
-3.9037	2.3184	Neurons	T1	Control
-3.2686	1.506	Neurons	T0	Obesity
-4.635	1.0039	Neurons	T2	Obesity
-4.7914	1.4262	Neurons	T2	Obesity
-4.5343	1.7567	Neurons	T2	Obesity
-3.7851	1.7139	Neurons	T2	Obesity
-3.9506	1.8974	Neurons	T0	Control
-4.2679	1.6783	Neurons	T1	Control
-4.6197	2.2958	Neurons	T2	Control
-4.0745	1.7729	Neurons	T0	Control
-3.5843	1.5591	Neurons	T0	Control
-4.1139	2.0594	Neurons	T0	Control
-4.5788	2.1932	Neurons	T1	Obesity
-3.9509	1.9107	Neurons	T0	Obesity
-4.7872	1.5727	Neurons	T0	Control
-3.9791	1.9888	Neurons	T1	Obesity
-4.2356	1.3167	Neurons	T1	Obesity
-4.0265	2.4535	Neurons	T1	Obesity
-4.5331	2.6207	Neurons	T0	Control
-4.6992	2.2154	Neurons	T1	Obesity
-2.9561	1.0297	Neurons	T1	Control
-4.5318	1.6438	Neurons	T1	Control
-4.9138	1.8058	Neurons	T0	Obesity
-3.9215	2.0982	Neurons	T0	Control
-4.6693	1.5435	Neurons	T0	Control
-5.0283	0.8338	Neurons	T1	Control
-3.5387	2.0991	Neurons	T1	Control
-4.7653	2.5494	Neurons	T1	Control
-3.684	1.2883	Neurons	T2	Obesity
-4.4987	0.6025	Neurons	T2	Obesity
-3.9178	2.5059	Neurons	T1	Control
-4.3939	1.6042	Neurons	T1	Obesity
-3.4704	2.3358	Neurons	T1	Control
-4.8271	0.9741	Neurons	T1	Obesity
-3.4228	1.596	Neurons	T2	Control
-4.5312	1.6783	Neurons	T0	Obesity
-4.4429	1.2991	Neurons	T0	Control
-4.066	1.6903	Neurons	T0	Control
-3.8718	2.4722	Neurons	T1	Control
-4.266	2.1109	Neurons	T0	Obesity
-5.3384	1.8969	Neurons	T1	Control
-3.8779	2.2707	Neurons	T0	Control
-3.9308	2.6229	Neurons	T1	Obesity
-4.7536	2.4341	Neurons	T2	Control
-3.5017	1.7734	Neurons	T0	Obesity
-3.5818	2.3873	Neurons	T1	Obesity
-3.7366	2.6489	Neurons	T1	Control
-3.3087	2.1634	Neurons	T1	Obesity
-3.9538	1.6122	Neurons	T2	Control
-5.4644	2.9064	Neurons	T2	Obesity
-4.2435	2.0427	Neurons	T1	Obesity
-4.4877	2.0758	Neurons	T0	Control
-4.4297	1.9023	Neurons	T0	Obesity
-4.0323	0.8971	Neurons	T1	Control
-4.2173	1.7446	Neurons	T0	Control
-4.1422	1.6198	Neurons	T2	Control
-2.8456	2.5387	Neurons	T2	Control
-4.552	1.2281	Neurons	T0	Control
-3.5337	2.4506	Neurons	T2	Obesity
-3.8089	0.2588	Neurons	T2	Control
-4.3114	2.3723	Neurons	T0	Control
-3.4238	1.9198	Neurons	T1	Control
-3.4912	2.1462	Neurons	T1	Control
-3.878	1.2729	Neurons	T2	Control
-3.4966	0.8895	Neurons	T0	Control
-4.6806	2.9377	Neurons	T0	Control
-4.2762	1.1246	Neurons	T1	Obesity
-4.8574	2.22	Neurons	T1	Control
-4.0188	2.6717	Neurons	T0	Obesity
-4.7953	2.4575	Neurons	T2	Control
-4.4845	1.8408	Neurons	T1	Obesity
-4.243	1.4102	Neurons	T0	Obesity
-4.3921	1.5261	Neurons	T2	Control
-5.4421	1.2769	Neurons	T1	Control
-4.3576	1.9714	Neurons	T1	Obesity
-4.0457	2.134	Neurons	T0	Control
-5.0559	0.9427	Neurons	T1	Obesity
-3.9007	2.2118	Neurons	T1	Control
-5.0462	1.934	Neurons	T0	Control
-4.3609	2.1858	Neurons	T1	Control
-4.2612	2.146	Neurons	T2	Obesity
-4.0578	1.1197	Neurons	T1	Control
-3.986	1.6234	Neurons	T2	Obesity
-3.0915	1.2762	Neurons	T2	Control
-4.378	1.7592	Neurons	T0	Obesity
-3.9917	1.985	Neurons	T1	Control
-5.0778	1.692	Neurons	T0	Obesity
-3.8309	2.1513	Neurons	T0	Control
-3.9659	2.3244	Neurons	T0	Obesity
-3.8207	1.0098	Neurons	T2	Obesity
-4.7449	2.1767	Neurons	T2	Control
-3.737	2.0426	Neurons	T1	Control
-3.2663	0.9731	Neurons	T2	Obesity
-3.3275	1.5351	Neurons	T0	Obesity
-4.6215	1.574	Neurons	T0	Control
-4.3551	2.015	Neurons	T0	Obesity
-4.1967	1.4081	Neurons	T0	Obesity
-4.5113	2.4272	Neurons	T0	Control
-3.8781	2.1654	Neurons	T1	Obesity
-4.1414	1.8288	Neurons	T1	Control
-4.9196	2.5	Neurons	T1	Control
-4.2537	2.3716	Neurons	T2	Obesity
-4.9803	1.9211	Neurons	T0	Control
-4.3391	2.5171	Neurons	T2	Obesity
-4.1829	1.3003	Neurons	T2	Control
-4.2193	1.7722	Neurons	T0	Control
-3.9163	1.0481	Neurons	T2	Control
-4.0172	2.7736	Neurons	T2	Control
-3.6813	1.1805	Neurons	T2	Control
-4.0286	2.7782	Neurons	T2	Obesity
-4.7992	2.536	Neurons	T2	Control
-3.6156	1.7983	Neurons	T2	Control
-4.7449	1.7734	Neurons	T0	Control
-3.5677	1.4824	Neurons	T1	Obesity
-3.7149	0.9487	Neurons	T1	Control
-3.5609	0.8354	Neurons	T2	Obesity
-4.2536	2.3167	Neurons	T2	Control
-4.2513	1.7912	Neurons	T0	Control
-3.8317	1.724	Neurons	T0	Obesity
-4.5986	1.9374	Neurons	T0	Control
-2.9481	1.5843	Neurons	T2	Obesity
-4.3462	1.4723	Neurons	T2	Control
-4.4125	0.9803	Neurons	T1	Control
-4.2829	1.1246	Neurons	T0	Control
-4.4828	1.6732	Neurons	T1	Control
-4.0112	1.3746	Neurons	T0	Control
-4.2166	1.5901	Neurons	T0	Control
-4.4738	0.8255	Neurons	T0	Control
-3.7207	2.0533	Neurons	T1	Control
-4.1591	1.9167	Neurons	T0	Control
-3.9717	1.9074	Neurons	T2	Obesity
-2.6757	1.444	Neurons	T0	Obesity
-3.2572	2.2567	Neurons	T2	Control
-4.8788	2.7414	Neurons	T0	Obesity
-4.1041	1.9995	Neurons	T2	Control
-3.6592	1.8875	Neurons	T0	Control
-3.8379	1.8717	Neurons	T0	Control
-3.2914	2.6825	Neurons	T1	Obesity
-4.8907	1.1184	Neurons	T2	Obesity
-3.7154	1.8112	Neurons	T2	Control
-3.7916	2.7721	Neurons	T1	Control
-4.1952	2.4219	Neurons	T0	Control
-4.3988	2.7732	Neurons	T2	Obesity
-4.4913	1.6677	Neurons	T0	Obesity
-4.7736	1.7573	Neurons	T1	Control
-4.9004	1.1454	Neurons	T0	Obesity
-3.7974	2.0123	Neurons	T0	Obesity
-3.8275	1.7223	Neurons	T0	Control
-4.6648	1.7398	Neurons	T0	Control
-4.4741	0.784	Neurons	T1	Control
-3.4173	0.8162	Neurons	T0	Control
-4.4643	1.7992	Neurons	T0	Control
-4.6242	2.5062	Neurons	T1	Control
-3.6836	2.3037	Neurons	T1	Control
-4.7581	3.0831	Neurons	T2	Control
-4.2864	2.9749	Neurons	T0	Control
-4.125	2.3198	Neurons	T0	Obesity
-3.9987	1.0612	Neurons	T2	Control
-3.9985	2.0267	Neurons	T1	Control
-4.4314	2.313	Neurons	T2	Obesity
-4.6948	1.2911	Neurons	T2	Control
-4.2139	2.1367	Neurons	T0	Control
-4.1864	1.3838	Neurons	T2	Obesity
-3.8914	1.9432	Neurons	T0	Control
-5.1014	1.7476	Neurons	T2	Control
-4.5443	0.9344	Neurons	T1	Control
-3.6669	2.2837	Neurons	T1	Control
-4.1764	2.2501	Neurons	T0	Obesity
-5.3221	1.7585	Neurons	T0	Control
-4.0427	1.6514	Neurons	T0	Control
-5.2356	2.0589	Neurons	T0	Obesity
-4.2829	2.0182	Neurons	T0	Obesity
-4.2733	2.5532	Neurons	T1	Control
-3.4435	2.0117	Neurons	T2	Obesity
-4.7597	1.2195	Neurons	T0	Obesity
-3.7548	2.0682	Neurons	T0	Control
-3.6737	0.7411	Neurons	T2	Obesity
-3.849	1.4856	Neurons	T0	Obesity
-3.2144	3.4642	Neurons	T0	Obesity
-3.5555	1.0532	Neurons	T0	Obesity
-3.4079	2.2251	Neurons	T0	Control
-4.9185	2.9279	Neurons	T0	Control
-4.2136	2.0216	Neurons	T1	Obesity
-3.9303	3.161	Neurons	T0	Control
-5.1274	1.377	Neurons	T0	Obesity
-4.6563	1.7073	Neurons	T0	Control
-4.3313	1.7728	Neurons	T0	Obesity
-4.2142	1.5836	Neurons	T0	Control
-3.7049	1.6758	Neurons	T0	Obesity
-3.4139	1.7585	Neurons	T2	Control
-4.1673	2.0065	Neurons	T0	Obesity
-4.5019	1.8642	Neurons	T2	Obesity
-3.75	1.5733	Neurons	T1	Obesity
-4.445	2.3136	Neurons	T0	Obesity
-4.3983	1.3675	Neurons	T1	Obesity
-4.2878	2.054	Neurons	T0	Control
-4.0033	1.4029	Neurons	T0	Obesity
-5.4231	2.3664	Neurons	T2	Control
-4.2635	1.5434	Neurons	T1	Control
-4.8732	1.9436	Neurons	T0	Control
-4.8573	1.7706	Neurons	T1	Control
-3.8528	1.6503	Neurons	T0	Obesity
-5.1332	1.6222	Neurons	T2	Control
-4.075	2.0938	Neurons	T0	Control
-4.3706	2.597	Neurons	T1	Control
-3.5265	2.7458	Neurons	T0	Obesity
-4.562	1.459	Neurons	T1	Control
-4.3793	1.6178	Neurons	T2	Control
-2.7421	2.4736	Neurons	T1	Control
-3.7387	0.4173	Neurons	T1	Control
-4.6416	1.117	Neurons	T2	Control
-4.2862	1.898	Neurons	T2	Obesity
-4.77	1.3011	Neurons	T2	Control
-4.9784	3.3316	Neurons	T1	Control
-3.7005	2.8223	Neurons	T0	Control
-4.5296	1.2058	Neurons	T1	Control
3.3493	2.2086	Astrocytes	T2	Obesity
3.6041	2.7567	Astrocytes	T0	Control
3.3595	1.8759	Astrocytes	T1	Obesity
3.4651	2.3221	Astrocytes	T1	Control
3.6704	2.4289	Astrocytes	T0	Control
4.6039	1.8852	Astrocytes	T2	Control
3.1024	2.0213	Astrocytes	T2	Control
3.9962	2.637	Astrocytes	T0	Control
2.8478	2.485	Astrocytes	T0	Obesity
3.5385	2.433	Astrocytes	T1	Control
2.5458	2.5535	Astrocytes	T1	Control
4.4774	2.977	Astrocytes	T1	Obesity
2.8519	1.6704	Astrocytes	T0	Obesity
4.3193	2.9161	Astrocytes	T1	Control
4.3963	1.8909	Astrocytes	T2	Control
4.2069	2.013	Astrocytes	T1	Obesity
3.2017	3.1843	Astrocytes	T0	Control
3.9528	4.1406	Astrocytes	T0	Control
4.7497	1.8078	Astrocytes	T2	Control
3.3848	3.2316	Astrocytes	T1	Control
2.5511	2.2977	Astrocytes	T0	Obesity
3.2239	2.7547	Astrocytes	T1	Control
3.641	2.2399	Astrocytes	T0	Obesity
3.731	2.3186	Astrocytes	T1	Control
3.1481	1.6597	Astrocytes	T0	Obesity
4.1661	1.7704	Astrocytes	T0	Control
3.2483	2.2031	Astrocytes	T1	Obesity
2.9329	2.6905	Astrocytes	T0	Obesity
3.5549	2.9095	Astrocytes	T2	Control
3.3252	3.0465	Astrocytes	T0	Control
2.1028	3.1297	Astrocytes	T0	Control
3.6792	2.4795	Astrocytes	T1	Control
3.7557	2.3656	Astrocytes	T1	Control
3.9169	2.8062	Astrocytes	T2	Control
3.1032	2.659	Astrocytes	T1	Control
3.7126	2.3744	Astrocytes	T0	Obesity
3.8036	2.5256	Astrocytes	T1	Obesity
4.1122	2.9648	Astrocytes	T1	Control
3.4785	1.5607	Astrocytes	T1	Control
3.1308	3.6873	Astrocytes	T0	Control
3.1161	2.377	Astrocytes	T1	Obesity
4.1736	2.3344	Astrocytes	T1	Control
4.4889	2.1709	Astrocytes	T0	Obesity
2.7756	2.269	Astrocytes	T1	Control
2.5513	2.0703	Astrocytes	T1	Control
3.968	2.5522	Astrocytes	T2	Obesity
3.7307	2.7176	Astrocytes	T0	Control
3.4365	3.1916	Astrocytes	T1	Obesity
3.181	2.5486	Astrocytes	T1	Obesity
3.5307	2.6324	Astrocytes	T0	Control
4.0706	2.7908	Astrocytes	T1	Obesity
3.2957	2.5147	Astrocytes	T0	Control
4.5341	2.4023	Astrocytes	T1	Control
4.1341	2.6746	Astrocytes	T1	Control
3.9953	1.6917	Astrocytes	T0	Control
4.0436	1.7358	Astrocytes	T0	Obesity
3.5643	2.1923	Astrocytes	T0	Control
3.0198	2.0414	Astrocytes	T1	Control
2.82	2.5252	Astrocytes	T0	Control
3.1416	2.2864	Astrocytes	T0	Control
3.541	2.1884	Astrocytes	T1	Control
3.407	1.4178	Astrocytes	T2	Obesity
3.7442	2.3773	Astrocytes	T0	Obesity
3.1999	2.8672	Astrocytes	T1	Control
4.0894	3.2388	Astrocytes	T0	Control
2.9856	2.0268	Astrocytes	T2	Obesity
2.2528	1.3681	Astrocytes	T1	Control
3.4488	3.0318	Astrocytes	T0	Control
3.9865	2.5974	Astrocytes	T0	Control
4.0588	1.959	Astrocytes	T1	Control
3.6171	3.5407	Astrocytes	T1	Control
3.4738	3.1434	Astrocytes	T0	Control
3.1671	1.0149	Astrocytes	T0	Obesity
3.0426	2.6809	Astrocytes	T0	Obesity
3.3719	2.1533	Astrocytes	T0	Control
3.7501	1.621	Astrocytes	T0	Control
4.098	2.7806	Astrocytes	T2	Control
3.5938	2.6523	Astrocytes	T1	Obesity
4.16	2.6768	Astrocytes	T2	Obesity
4.3974	2.19	Astrocytes	T1	Control
3.0199	1.3094	Astrocytes	T2	Control
3.6062	1.8261	Astrocytes	T0	Control
4.3598	2.731	Astrocytes	T1	Obesity
3.8111	2.8034	Astrocytes	T2	Obesity
3.8167	2.6527	Astrocytes	T2	Obesity
3.2917	3.2946	Astrocytes	T1	Obesity
3.6047	2.5215	Astrocytes	T0	Control
4.0779	1.9767	Astrocytes	T2	Control
5.6348	2.204	Astrocytes	T1	Control
3.2986	2.8342	Astrocytes	T1	Obesity
3.8617	1.9938	Astrocytes	T0	Control
4.0315	1.9996	Astrocytes	T1	Control
3.6457	1.4272	Astrocytes	T1	Obesity
3.5492	2.4451	Astrocytes	T1	Control
3.0454	1.0607	Astrocytes	T1	Control
3.1293	2.678	Astrocytes	T0	Control
3.6335	2.1834	Astrocytes	T0	Control
3.301	2.9825	Astrocytes	T0	Control
3.6255	2.8549	Astrocytes	T0	Obesity
3.6457	3.118	Astrocytes	T0	Control
3.3562	1.2793	Astrocytes	T0	Control
3.521	2.3518	Astrocytes	T1	Obesity
3.5775	2.2273	Astrocytes	T0	Obesity
3.3602	2.7858	Astrocytes	T2	Control
3.5054	2.3212	Astrocytes	T0	Control
3.4104	1.749	Astrocytes	T1	Control
3.7788	3.7349	Astrocytes	T0	Control
3.05	1.3055	Astrocytes	T0	Control
2.6082	2.7615	Astrocytes	T2	Obesity
2.9834	2.4292	Astrocytes	T0	Control
3.9324	2.6203	Astrocytes	T1	Control
4.4168	2.3202	Astrocytes	T1	Obesity
4.1674	3.2087	Astrocytes	T1	Obesity
3.8929	2.5597	Astrocytes	T1	Obesity
4.0202	2.9034	Astrocytes	T1	Control
2.6025	1.872	Astrocytes	T1	Obesity
3.0151	2.9688	Astrocytes	T1	Control
2.809	2.6994	Astrocytes	T0	Control
3.8979	2.3774	Astrocytes	T0	Control
2.9495	2.6149	Astrocytes	T2	Obesity
3.8156	2.2875	Astrocytes	T0	Control
3.7363	1.9666	Astrocytes	T1	Obesity
2.5741	2.9787	Astrocytes	T0	Obesity
3.4128	2.8438	Astrocytes	T0	Control
2.6166	2.614	Astrocytes	T2	Obesity
4.5375	2.6351	Astrocytes	T1	Obesity
3.5188	3.1136	Astrocytes	T1	Control
3.0152	2.8766	Astrocytes	T1	Control
3.4897	2.9008	Astrocytes	T0	Control
2.5811	2.1397	Astrocytes	T1	Control
3.4409	2.6043	Astrocytes	T0	Obesity
3.2022	2.1394	Astrocytes	T0	Control
3.3925	1.8345	Astrocytes	T2	Control
2.5501	1.9209	Astrocytes	T0	Obesity
3.6657	2.3221	Astrocytes	T2	Control
3.8238	2.5814	Astrocytes	T1	Control
3.974	3.1892	Astrocytes	T0	Obesity
2.8078	2.4875	Astrocytes	T0	Control
4.0427	2.136	Astrocytes	T1	Control
3.6397	1.3804	Astrocytes	T1	Control
3.8406	2.3156	Astrocytes	T0	Control
3.3588	2.2978	Astrocytes	T0	Control
3.1708	4.0124	Astrocytes	T0	Control
4.967	2.4243	Astrocytes	T0	Control
4.4927	3.0041	Astrocytes	T1	Obesity
2.9919	2.0948	Astrocytes	T1	Obesity
2.355	2.1423	Astrocytes	T2	Control
3.0819	2.4024	Astrocytes	T0	Control
3.525	1.3294	Astrocytes	T2	Obesity
3.2487	2.6692	Astrocytes	T1	Obesity
3.7552	1.2576	Astrocytes	T1	Obesity
4.568	2.8824	Astrocytes	T1	Control
4.1204	3.7979	Astrocytes	T2	Obesity
2.8546	2.6151	Astrocytes	T2	Control
4.0278	2.6144	Astrocytes	T0	Control
3.4208	2.2332	Astrocytes	T1	Control
3.6005	2.3558	Astrocytes	T1	Control
3.2436	2.4754	Astrocytes	T2	Control
4.2774	3.0132	Astrocytes	T1	Obesity
3.2345	1.5706	Astrocytes	T0	Control
3.3791	2.4522	Astrocytes	T1	Control
3.396	2.6685	Astrocytes	T0	Control
3.3662	2.7155	Astrocytes	T0	Obesity
3.8426	3.2871	Astrocytes	T0	Control
3.23	3.1188	Astrocytes	T1	Control
3.8292	3.3987	Astrocytes	T1	Control
2.8312	2.5946	Astrocytes	T0	Control
3.1342	2.4767	Astrocytes	T1	Obesity
3.2557	2.4863	Astrocytes	T0	Obesity
3.9845	2.0801	Astrocytes	T1	Obesity
3.294	2.029	Astrocytes	T0	Obesity
4.0363	2.4172	Astrocytes	T0	Obesity
3.6772	3.6681	Astrocytes	T2	Control
4.9985	2.9921	Astrocytes	T1	Obesity
3.2143	2.2534	Astrocytes	T0	Control
3.9436	2.4947	Astrocytes	T0	Obesity
3.3851	1.3972	Astrocytes	T1	Obesity
2.5839	1.5526	Astrocytes	T0	Control
4.2763	3.0854	Astrocytes	T0	Obesity
3.9805	1.1858	Astrocytes	T2	Obesity
3.8692	2.3436	Astrocytes	T2	Obesity
3.1108	2.0441	Astrocytes	T0	Control
2.7836	2.1464	Astrocytes	T0	Control
3.0524	2.1332	Astrocytes	T0	Control
3.4971	2.1648	Astrocytes	T1	Control
4.0962	2.7629	Astrocytes	T0	Control
2.9964	2.2429	Astrocytes	T0	Control
3.3839	2.9151	Astrocytes	T0	Control
3.6533	2.9185	Astrocytes	T0	Obesity
4.7818	1.9729	Astrocytes	T1	Control
3.5273	1.9542	Astrocytes	T1	Control
3.6655	2.9385	Astrocytes	T1	Obesity
3.592	3.5716	Astrocytes	T2	Control
3.5671	1.7383	Astrocytes	T1	Control
3.9276	3.0237	Astrocytes	T1	Control
4.7658	2.4487	Astrocytes	T1	Control
3.6902	1.7627	Astrocytes	T1	Control
3.9491	2.6216	Astrocytes	T0	Obesity
3.2511	2.4417	Astrocytes	T2	Obesity
3.793	2.0303	Astrocytes	T0	Obesity
3.6999	2.538	Astrocytes	T0	Obesity
3.7407	3.3648	Astrocytes	T0	Control
3.4578	2.616	Astrocytes	T2	Obesity
3.0223	1.6268	Astrocytes	T2	Obesity
2.7927	2.4113	Astrocytes	T1	Control
3.6241	2.5985	Astrocytes	T2	Obesity
4.3906	2.5958	Astrocytes	T2	Control
3.0252	1.5477	Astrocytes	T2	Control
2.8068	3.2469	Astrocytes	T2	Control
4.4387	2.2528	Astrocytes	T0	Obesity
-0.8687	-3.8842	Microglia	T0	Obesity
-0.6287	-3.3282	Microglia	T1	Obesity
-0.8333	-3.4881	Microglia	T2	Obesity
-0.9651	-3.8489	Microglia	T1	Obesity
-0.4108	-2.9674	Microglia	T1	Obesity
-0.7717	-4.4802	Microglia	T0	Obesity
-1.3238	-3.7116	Microglia	T0	Obesity
-2.0061	-3.4583	Microglia	T0	Obesity
-0.5306	-3.6519	Microglia	T2	Obesity
-0.629	-5.1688	Microglia	T0	Obesity
-0.5372	-3.8166	Microglia	T1	Control
-0.462	-4.0497	Microglia	T1	Obesity
-0.4549	-4.5384	Microglia	T2	Obesity
0.4167	-3.6375	Microglia	T1	Obesity
-0.193	-3.8385	Microglia	T1	Obesity
-0.6271	-3.2355	Microglia	T2	Obesity
-0.806	-3.1673	Microglia	T1	Control
-0.8026	-3.6536	Microglia	T0	Obesity
-1.2245	-3.0084	Microglia	T1	Obesity
0.8918	-3.9803	Microglia	T0	Obesity
-0.5136	-3.362	Microglia	T1	Obesity
-0.787	-3.5178	Microglia	T0	Obesity
-0.6696	-4.354	Microglia	T0	Control
-0.0954	-3.3287	Microglia	T1	Control
-0.1295	-4.5333	Microglia	T0	Control
-0.5527	-3.6892	Microglia	T0	Control
0.2123	-4.3773	Microglia	T1	Obesity
-5e-04	-3.8944	Microglia	T2	Obesity
-1.1125	-3.5863	Microglia	T1	Control
-0.2601	-2.7068	Microglia	T0	Obesity
-0.2157	-3.4142	Microglia	T0	Obesity
-0.9955	-3.64	Microglia	T1	Control
0.6028	-3.7926	Microglia	T0	Control
-0.6074	-3.177	Microglia	T0	Control
0.2242	-3.5072	Microglia	T0	Obesity
0.2323	-3.3153	Microglia	T2	Obesity
0.3482	-3.0269	Microglia	T0	Obesity
-0.3993	-2.6408	Microglia	T0	Control
-0.0537	-3.9008	Microglia	T2	Obesity
-1.074	-3.8558	Microglia	T0	Obesity
0.0411	-3.1611	Microglia	T2	Obesity
-0.2984	-3.0768	Microglia	T0	Control
0.1536	-4.0344	Microglia	T0	Obesity
-0.8786	-4.8087	Microglia	T1	Obesity
0.6522	-4.6083	Microglia	T2	Control
-0.8942	-3.4868	Microglia	T2	Control
0.049	-3.9896	Microglia	T1	Obesity
-0.1995	-4.2748	Microglia	T0	Obesity
-0.782	-3.6973	Microglia	T2	Obesity
-0.4605	-3.7398	Microglia	T2	Obesity
-0.8506	-3.6833	Microglia	T2	Obesity
-0.0199	-5.1029	Microglia	T0	Control
-0.4535	-4.1123	Microglia	T2	Control
-0.7738	-4.5015	Microglia	T0	Obesity
-0.9993	-4.5753	Microglia	T1	Control
-0.5487	-3.4018	Microglia	T1	Control
-0.0429	-3.2668	Microglia	T1	Obesity
-0.1231	-4.394	Microglia	T2	Obesity
0.7866	-3.4566	Microglia	T0	Obesity
0.2321	-4.3357	Microglia	T1	Control
-0.7497	-3.8142	Microglia	T2	Obesity
0.0551	-3.0997	Microglia	T1	Obesity
-0.0648	-4.0053	Microglia	T0	Obesity
-0.0252	-3.21	Microglia	T2	Obesity
-0.4524	-3.3389	Microglia	T0	Control
-0.4016	-3.6661	Microglia	T1	Obesity
-0.0525	-3.7649	Microglia	T0	Obesity
-0.8503	-4.5154	Microglia	T1	Control
-0.1868	-3.5834	Microglia	T0	Obesity
-0.9381	-3.8375	Microglia	T0	Control
-0.1917	-3.7257	Microglia	T0	Obesity
-0.2072	-4.0835	Microglia	T2	Obesity
-0.6015	-4.501	Microglia	T2	Control
0.3562	-3.6088	Microglia	T0	Obesity
0.0119	-4.655	Microglia	T0	Obesity
-0.0995	-2.7366	Microglia	T1	Obesity
0.4448	-5.2098	Microglia	T0	Obesity
-0.6328	-3.8051	Microglia	T1	Obesity
-0.1489	-3.5498	Microglia	T2	Obesity
-0.6012	-3.2188	Microglia	T1	Control
-0.9898	-3.0138	Microglia	T1	Obesity
0.8074	-3.3175	Microglia	T0	Obesity
-0.3979	-3.7001	Microglia	T1	Control
-0.382	-3.957	Microglia	T1	Obesity
-0.5284	-4.0505	Microglia	T0	Control
-0.9959	-4.1865	Microglia	T2	Control
-0.4651	-4.1151	Microglia	T0	Control
-0.0244	-3.9544	Microglia	T1	Obesity
0.2567	-3.149	Microglia	T1	Obesity
1.201	-3.0639	Microglia	T0	Obesity
0.1258	-5.3081	Microglia	T2	Obesity
-0.4185	-4.3824	Microglia	T0	Obesity
-1.4941	-4.2925	Microglia	T2	Obesity
-1.0349	-3.9963	Microglia	T1	Obesity
-0.8267	-3.7961	Microglia	T2	Control
0.1346	-4.4854	Microglia	T0	Control
-1.0696	-4.8968	Microglia	T0	Obesity
-0.3464	-3.2455	Microglia	T0	Control
-0.2579	-2.8901	Microglia	T0	Obesity
0.4402	-3.5716	Microglia	T1	Obesity
0.5333	-3.9387	Microglia	T2	Obesity
-0.3292	-2.4659	Microglia	T2	Obesity
-0.0666	-4.0571	Microglia	T0	Obesity
-1.2664	-4.039	Microglia	T1	Obesity
-0.7865	-3.5883	Microglia	T0	Control
0.2045	-3.5847	Microglia	T2	Control
0.3248	-3.6857	Microglia	T0	Control
-0.4024	-3.5973	Microglia	T0	Control
-0.062	-3.7089	Microglia	T1	Control
-0.0804	-4.2123	Microglia	T2	Obesity
-0.2903	-4.603	Microglia	T1	Control
-0.8211	-3.4247	Microglia	T0	Obesity
-1.0841	-3.8374	Microglia	T1	Obesity
0.2934	-3.7357	Microglia	T1	Control
0.07	-3.6314	Microglia	T0	Control
-0.2832	-3.3668	Microglia	T2	Obesity
-0.391	-4.2892	Microglia	T1	Control
-1.5588	-3.7447	Microglia	T0	Obesity
-0.7891	-3.6016	Microglia	T1	Obesity
-0.4386	-3.7442	Microglia	T0	Control
-0.8612	-3.3696	Microglia	T0	Obesity
-1.2397	-2.4762	Microglia	T2	Obesity
-0.9156	-3.6419	Microglia	T1	Obesity
-0.4679	-3.6358	Microglia	T1	Obesity
0.2866	-3.404	Microglia	T1	Obesity
-1.3038	-4.6873	Microglia	T0	Control
-0.6262	-4.1222	Microglia	T1	Obesity
0.0175	-4.029	Microglia	T0	Obesity
-0.9374	-3.7856	Microglia	T0	Obesity
0.3333	-3.3572	Microglia	T0	Obesity
-0.839	-3.5311	Microglia	T0	Control
-1.1117	-4.6444	Microglia	T1	Obesity
-0.2833	-3.3842	Microglia	T1	Obesity
-0.8024	-3.6155	Microglia	T1	Control
-0.3088	-3.3084	Microglia	T1	Control
-1.4236	-3.5987	Microglia	T1	Obesity
0.1566	-3.4309	Microglia	T1	Control
-1.4448	-2.9364	Microglia	T0	Obesity
0.8014	-3.7872	Microglia	T0	Obesity
-0.6675	-4.0123	Microglia	T1	Obesity
-0.617	-4.216	Microglia	T0	Obesity
-0.6624	-3.6883	Microglia	T0	Obesity
-0.1844	-4.6533	Microglia	T2	Control
-0.0996	-3.9295	Microglia	T0	Obesity
-0.4102	-3.8386	Microglia	T1	Obesity
-0.5894	-3.9701	Microglia	T1	Control
-1.2537	-4.0406	Microglia	T0	Obesity
0.1218	-4.1471	Microglia	T2	Obesity
0.1382	-4.2151	Microglia	T0	Control
0.0322	-4.2503	Microglia	T1	Obesity
-0.22	-3.2411	Microglia	T0	Control
0.2308	-3.9311	Microglia	T2	Control
-0.4726	-3.0376	Microglia	T1	Control
-0.5787	-3.3265	Microglia	T1	Obesity
-0.8019	-4.4818	Microglia	T2	Obesity
-0.6658	-3.7308	Microglia	T0	Control
-0.5444	-3.8917	Microglia	T0	Control
-0.661	-3.458	Microglia	T1	Control
0.1772	-4.0777	Microglia	T1	Obesity
-0.3702	-4.3979	Microglia	T0	Obesity
0.2105	-4.6221	Microglia	T0	Obesity
-0.3955	-3.8331	Microglia	T0	Control
-1.0291	-3.1895	Microglia	T0	Control
-0.7721	-3.1655	Microglia	T2	Obesity
-1.5771	-4.1932	Microglia	T0	Obesity
-0.3336	-4.1101	Microglia	T0	Control
-0.4642	-4.1345	Microglia	T2	Obesity
-1.3584	-4.1858	Microglia	T2	Obesity
-0.5099	-3.2494	Microglia	T1	Control
-1.3034	-4.0429	Microglia	T1	Obesity
4.074	-1.3926	Oligodendrocytes	T0	Control
4.4542	-2.9194	Oligodendrocytes	T2	Control
4.087	-2.0764	Oligodendrocytes	T0	Control
4.4808	-1.792	Oligodendrocytes	T0	Control
4.4274	-3.1664	Oligodendrocytes	T1	Obesity
4.4239	-1.5184	Oligodendrocytes	T2	Obesity
4.712	-2.2242	Oligodendrocytes	T2	Control
3.9306	-1.9493	Oligodendrocytes	T0	Obesity
3.7222	-2.2344	Oligodendrocytes	T1	Obesity
4.5976	-1.7288	Oligodendrocytes	T2	Control
4.3232	-2.9279	Oligodendrocytes	T0	Control
3.5458	-1.1692	Oligodendrocytes	T2	Control
4.0656	-2.7807	Oligodendrocytes	T2	Control
3.1236	-1.8919	Oligodendrocytes	T2	Obesity
3.9929	-2.5573	Oligodendrocytes	T2	Control
3.4816	-3.2305	Oligodendrocytes	T1	Control
4.3971	-1.8879	Oligodendrocytes	T2	Control
3.3092	-1.9814	Oligodendrocytes	T0	Control
4.6984	-1.5279	Oligodendrocytes	T1	Control
3.2571	-1.8585	Oligodendrocytes	T1	Control
4.0825	-2.4204	Oligodendrocytes	T2	Control
4.4371	-2.0182	Oligodendrocytes	T1	Obesity
4.2376	-2.9926	Oligodendrocytes	T0	Control
4.189	-2.0788	Oligodendrocytes	T2	Control
4.2129	-2.0686	Oligodendrocytes	T1	Control
3.5666	-2.2104	Oligodendrocytes	T1	Control
3.6493	-1.8604	Oligodendrocytes	T1	Control
4.7229	-2.8677	Oligodendrocytes	T0	Control
5.3509	-2.6741	Oligodendrocytes	T1	Control
3.5171	-1.9375	Oligodendrocytes	T0	Obesity
3.3934	-1.6871	Oligodendrocytes	T2	Control
4.1991	-2.1238	Oligodendrocytes	T2	Control
3.6222	-2.2022	Oligodendrocytes	T1	Control
4.3175	-2.3038	Oligodendrocytes	T0	Control
3.7059	-2.7488	Oligodendrocytes	T2	Control
4.0009	-2.3153	Oligodendrocytes	T2	Obesity
4.3608	-1.6869	Oligodendrocytes	T2	Control
5.0206	-1.7851	Oligodendrocytes	T1	Control
3.537	-1.9591	Oligodendrocytes	T2	Obesity
5.0901	-1.7591	Oligodendrocytes	T0	Control
3.7928	-3.0471	Oligodendrocytes	T0	Control
3.9796	-1.8521	Oligodendrocytes	T1	Obesity
4.9687	-2.2716	Oligodendrocytes	T0	Control
3.8912	-2.6708	Oligodendrocytes	T0	Control
3.442	-1.9536	Oligodendrocytes	T2	Control
4.8385	-1.6868	Oligodendrocytes	T0	Obesity
4.2556	-2.5089	Oligodendrocytes	T2	Obesity
4.7871	-1.4603	Oligodendrocytes	T1	Control
4.3044	-2.2598	Oligodendrocytes	T0	Obesity
3.9494	-2.7949	Oligodendrocytes	T2	Obesity
3.8462	-1.9798	Oligodendrocytes	T1	Control
4.9656	-1.8888	Oligodendrocytes	T2	Control
5.1406	-1.9937	Oligodendrocytes	T1	Control
3.471	-2.0002	Oligodendrocytes	T2	Obesity
4.4848	-2.3164	Oligodendrocytes	T2	Control
4.318	-2.0177	Oligodendrocytes	T1	Obesity
4.1328	-2.4392	Oligodendrocytes	T0	Control
3.449	-1.7334	Oligodendrocytes	T1	Control
2.9223	-2.232	Oligodendrocytes	T2	Obesity
3.9527	-1.6159	Oligodendrocytes	T1	Control
3.4485	-2.2467	Oligodendrocytes	T0	Control
3.2839	-1.6227	Oligodendrocytes	T1	Control
3.9212	-2.6612	Oligodendrocytes	T1	Control
4.005	-2.5721	Oligodendrocytes	T1	Obesity
4.0038	-2.632	Oligodendrocytes	T2	Control
4.1877	-1.2243	Oligodendrocytes	T1	Control
4.0871	-2.166	Oligodendrocytes	T1	Control
4.0161	-1.5254	Oligodendrocytes	T1	Control
3.2952	-2.673	Oligodendrocytes	T1	Obesity
4.7746	-2.1085	Oligodendrocytes	T1	Obesity
2.9852	-2.3718	Oligodendrocytes	T2	Obesity
4.1344	-2.2467	Oligodendrocytes	T1	Obesity
5.103	-3.5825	Oligodendrocytes	T0	Control
4.3106	-1.4011	Oligodendrocytes	T1	Obesity
3.988	-1.7672	Oligodendrocytes	T2	Obesity
4.6713	-2.7573	Oligodendrocytes	T0	Control
4.4521	-2.9141	Oligodendrocytes	T2	Control
3.9493	-1.5675	Oligodendrocytes	T0	Control
4.0876	-2.8892	Oligodendrocytes	T1	Control
4.6496	-2.5453	Oligodendrocytes	T0	Obesity
4.208	-2.0148	Oligodendrocytes	T1	Control
4.476	-2.3762	Oligodendrocytes	T1	Obesity
4.1865	-2.7883	Oligodendrocytes	T1	Control
4.3037	-3.1308	Oligodendrocytes	T1	Control
3.8969	-2.3308	Oligodendrocytes	T1	Control
4.0661	-1.1903	Oligodendrocytes	T1	Control
3.9773	-2.3875	Oligodendrocytes	T0	Obesity
3.9098	-1.8787	Oligodendrocytes	T2	Obesity
4.2504	-2.4532	Oligodendrocytes	T2	Obesity
4.4054	-2.2542	Oligodendrocytes	T1	Control
3.6423	-2.7925	Oligodendrocytes	T0	Control
4.4617	-1.8279	Oligodendrocytes	T0	Control
3.2491	-2.1892	Oligodendrocytes	T1	Obesity
3.123	-1.6994	Oligodendrocytes	T2	Control
3.5019	-2.0639	Oligodendrocytes	T2	Control
2.9153	-2.3104	Oligodendrocytes	T2	Control
3.0083	-2.8565	Oligodendrocytes	T1	Control
4.5202	-2.8176	Oligodendrocytes	T1	Obesity
4.8974	-1.8361	Oligodendrocytes	T2	Obesity
4.099	-1.6151	Oligodendrocytes	T0	Control
4.1434	-2.4105	Oligodendrocytes	T1	Control
4.3115	-1.8575	Oligodendrocytes	T1	Obesity
4.4254	-1.2709	Oligodendrocytes	T2	Obesity
4.9803	-2.7095	Oligodendrocytes	T1	Control
3.5907	-2.3219	Oligodendrocytes	T1	Control
3.6373	-1.5379	Oligodendrocytes	T2	Control
3.7899	-1.7572	Oligodendrocytes	T2	Obesity
4.3654	-1.994	Oligodendrocytes	T1	Control
3.9398	-3.1998	Oligodendrocytes	T2	Obesity
3.8353	-2.2875	Oligodendrocytes	T2	Obesity
3.2276	-2.1569	Oligodendrocytes	T0	Control
4.3221	-2.7956	Oligodendrocytes	T1	Obesity
3.9187	-1.9034	Oligodendrocytes	T2	Control
4.2995	-1.385	Oligodendrocytes	T2	Obesity
4.4103	-2.0193	Oligodendrocytes	T2	Control
4.0736	-2.1113	Oligodendrocytes	T0	Control
2.38	-1.937	Oligodendrocytes	T0	Control
4.2812	-2.0212	Oligodendrocytes	T0	Control
4.274	-1.6381	Oligodendrocytes	T2	Control
4.5715	-1.9746	Oligodendrocytes	T2	Control
3.5779	-2.0882	Oligodendrocytes	T2	Control
3.5853	-2.1644	Oligodendrocytes	T2	Control
4.0692	-2.3724	Oligodendrocytes	T0	Obesity
4.1886	-1.778	Oligodendrocytes	T2	Control
4.7506	-2.2996	Oligodendrocytes	T2	Obesity
3.0335	-2.7227	Oligodendrocytes	T2	Control
3.8829	-2.5247	Oligodendrocytes	T1	Control
2.8865	-3.4394	Oligodendrocytes	T0	Control
4.1254	-2.1424	Oligodendrocytes	T2	Control
4.1329	-3.1215	Oligodendrocytes	T0	Obesity
4.7462	-1.7758	Oligodendrocytes	T0	Control
3.3275	-2.2166	Oligodendrocytes	T1	Control
3.7687	-2.7598	Oligodendrocytes	T0	Control
4.3499	-2.9066	Oligodendrocytes	T1	Control
4.187	-2.2148	Oligodendrocytes	T2	Obesity
3.8097	-1.5665	Oligodendrocytes	T2	Obesity
4.1921	-2.6424	Oligodendrocytes	T2	Obesity
4.014	-2.1174	Oligodendrocytes	T0	Control
3.7773	-2.2726	Oligodendrocytes	T0	Control
3.5988	-2.1341	Oligodendrocytes	T1	Control
4.0379	-3.3372	Oligodendrocytes	T1	Control
3.7353	-1.6342	Oligodendrocytes	T2	Control
4.6977	-2.0268	Oligodendrocytes	T0	Obesity
3.8456	-3.2698	Oligodendrocytes	T0	Control
4.7372	-2.5686	Oligodendrocytes	T1	Obesity
4.7113	-2.308	Oligodendrocytes	T1	Obesity
2.729	-1.8973	Oligodendrocytes	T0	Control
5.0436	-2.8789	Oligodendrocytes	T0	Control
3.396	-2.283	Oligodendrocytes	T2	Control
2.5649	-2.6936	Oligodendrocytes	T0	Control
-3.288	-1.89	Endothelial	T0	Control
-3.4174	-1.9649	Endothelial	T0	Control
-2.4457	-1.6416	Endothelial	T1	Obesity
-4.2739	-1.1186	Endothelial	T0	Obesity
-3.531	-2.0504	Endothelial	T0	Obesity
-4.0199	-1.5571	Endothelial	T1	Obesity
-3.6648	-1.6198	Endothelial	T1	Obesity
-2.8857	-0.938	Endothelial	T2	Obesity
-3.037	-0.982	Endothelial	T0	Obesity
-2.4899	-1.8008	Endothelial	T1	Control
-2.9771	-1.8655	Endothelial	T2	Control
-3.7857	-2.714	Endothelial	T2	Control
-2.3906	-2.4654	Endothelial	T2	Control
-3.8973	-1.7788	Endothelial	T0	Obesity
-2.6929	-1.6405	Endothelial	T0	Obesity
-3.789	-1.6873	Endothelial	T1	Obesity
-3.4725	-1.5548	Endothelial	T2	Obesity
-2.8273	-1.8215	Endothelial	T1	Obesity
-2.6647	-1.1085	Endothelial	T2	Control
-3.596	-1.2925	Endothelial	T2	Control
-2.9845	-2.0906	Endothelial	T1	Obesity
-3.1614	-1.2755	Endothelial	T0	Control
-4.499	-1.5302	Endothelial	T1	Obesity
-3.232	-0.997	Endothelial	T2	Control
-2.6461	-2.4582	Endothelial	T1	Obesity
-3.3237	-1.6368	Endothelial	T1	Obesity
-3.9094	-1.5867	Endothelial	T1	Control
-3.2048	-0.7137	Endothelial	T1	Control
-3.7626	-0.6645	Endothelial	T2	Control
-2.4392	-1.6093	Endothelial	T0	Obesity
-3.4529	-1.1826	Endothelial	T1	Control
-2.8789	-1.3992	Endothelial	T1	Control
-3.1621	-1.6246	Endothelial	T2	Obesity
-2.7119	-0.9851	Endothelial	T2	Obesity
-3.2376	-1.42	Endothelial	T1	Control
-2.4814	-1.9752	Endothelial	T1	Control
-3.1284	-1.0517	Endothelial	T2	Control
-3.3078	-1.0261	Endothelial	T2	Control
-2.9681	-1.9343	Endothelial	T2	Control
-2.6056	-1.6299	Endothelial	T0	Obesity
-3.7634	-0.993	Endothelial	T1	Obesity
-3.5395	-1.6245	Endothelial	T0	Obesity
-3.012	-1.9618	Endothelial	T0	Obesity
-4.0856	-0.9422	Endothelial	T2	Control
-3.1317	-1.6575	Endothelial	T0	Control
-2.3719	-1.6466	Endothelial	T2	Control
-3.7222	-0.3237	Endothelial	T2	Control
-3.2445	-1.1176	Endothelial	T0	Obesity
-2.9158	-1.2865	Endothelial	T1	Obesity
-3.7001	-1.1364	Endothelial	T2	Obesity
-2.2101	-2.1983	Endothelial	T1	Control
-3.2296	-1.2989	Endothelial	T0	Control
-2.6723	-0.8726	Endothelial	T1	Control
-3.6126	-1.4258	Endothelial	T1	Control
-3.4011	-0.8396	Endothelial	T2	Obesity
-3.6345	-1.7882	Endothelial	T2	Control
-3.4375	-1.1598	Endothelial	T0	Obesity
-4.0356	-0.9352	Endothelial	T2	Obesity
-2.8707	-1.8433	Endothelial	T2	Control
-4.7398	-1.7143	Endothelial	T2	Obesity
-3.7503	-2.048	Endothelial	T1	Obesity
-2.662	-1.2706	Endothelial	T2	Obesity
-3.6912	-1.5313	Endothelial	T2	Control
-2.8722	-1.6336	Endothelial	T2	Obesity
-4.2119	-1.416	Endothelial	T1	Control
-4.0399	-0.9233	Endothelial	T2	Obesity
-2.8571	-1.8812	Endothelial	T1	Obesity
-4.5257	-1.367	Endothelial	T2	Obesity
-3.3436	-1.7523	Endothelial	T2	Control
-2.5386	-2.0483	Endothelial	T2	Control
-4.3024	-1.9773	Endothelial	T1	Obesity
-2.49	-1.4662	Endothelial	T0	Obesity
-2.7307	-1.5086	Endothelial	T2	Obesity
-2.1998	-2.5141	Endothelial	T0	Control
-2.7751	-1.6175	Endothelial	T2	Obesity
-3.3142	-1.4317	Endothelial	T1	Obesity
-3.7101	-1.3958	Endothelial	T2	Obesity
-3.909	-1.134	Endothelial	T2	Control
-3.5407	-1.1926	Endothelial	T0	Control
-2.9702	-0.7415	Endothelial	T2	Control
-2.057	-1.3529	Endothelial	T1	Obesity
-3.535	-2.4407	Endothelial	T2	Control
-3.7468	-0.7102	Endothelial	T1	Obesity
-2.5846	-0.9263	Endothelial	T2	Obesity
-2.6319	-2.7919	Endothelial	T0	Control
-2.7762	-1.2864	Endothelial	T0	Control
-2.8047	-1.8668	Endothelial	T2	Obesity
-2.7045	-1.4176	Endothelial	T2	Obesity
-4.1791	-1.566	Endothelial	T1	Obesity
-4.0988	-1.7234	Endothelial	T2	Obesity
-3.7766	-0.9857	Endothelial	T0	Obesity
-2.4617	-1.8841	Endothelial	T2	Control
-2.9681	-1.4577	Endothelial	T2	Control
-2.763	-1.3722	Endothelial	T2	Obesity
-3.3135	-1.4572	Endothelial	T2	Control
-3.0227	-1.8322	Endothelial	T1	Obesity
-3.671	-1.5469	Endothelial	T2	Obesity
-3.3341	-0.7554	Endothelial	T2	Control
-2.353	-1.9883	Endothelial	T1	Obesity
-2.265	-2.4043	Endothelial	T2	Control
-2.8007	-0.7952	Endothelial	T2	Control
-2.8542	-2.2179	Endothelial	T2	Control
-3.8353	-1.6882	Endothelial	T2	Obesity
-3.68	-1.6195	Endothelial	T1	Control
-3.2794	-1.5182	Endothelial	T0	Control
-2.7941	-1.8512	Endothelial	T1	Control
-3.4773	-2.4686	Endothelial	T2	Obesity
-2.7546	-1.0662	Endothelial	T2	Control
-2.4921	-1.424	Endothelial	T1	Obesity
-3.509	-1.1668	Endothelial	T0	Control
-2.973	-1.4991	Endothelial	T0	Control
-2.5484	-1.3954	Endothelial	T0	Obesity
-1.8372	-1.3262	Endothelial	T1	Control
-2.5651	-2.1045	Endothelial	T0	Control
-2.9632	-1.6145	Endothelial	T2	Obesity
-3.0178	-1.4044	Endothelial	T0	Control
-2.6305	-1.5457	Endothelial	T2	Control
-2.6284	-2.2564	Endothelial	T1	Control
-3.3524	-1.449	Endothelial	T2	Obesity
-3.2474	-1.3567	Endothelial	T1	Control
1.0126	4.4488	Tanycytes	T1	Obesity
2.2987	4.0499	Tanycytes	T2	Obesity
-0.3673	3.8082	Tanycytes	T2	Obesity
1.0618	5.6578	Tanycytes	T0	Obesity
1.1977	4.1008	Tanycytes	T2	Control
1.1762	4.0662	Tanycytes	T0	Obesity
1.4884	3.9064	Tanycytes	T2	Control
1.8838	4.5125	Tanycytes	T1	Control
1.4183	3.4023	Tanycytes	T1	Obesity
0.7711	4.0056	Tanycytes	T2	Obesity
1.2296	4.1596	Tanycytes	T2	Control
1.6571	3.999	Tanycytes	T1	Obesity
0.6896	4.7897	Tanycytes	T1	Control
0.9932	3.1099	Tanycytes	T2	Obesity
2.0748	3.6405	Tanycytes	T0	Control
1.3513	4.036	Tanycytes	T1	Obesity
0.9703	3.5034	Tanycytes	T0	Control
1.2939	4.9888	Tanycytes	T2	Obesity
1.2961	3.8682	Tanycytes	T1	Obesity
1.7304	4.4644	Tanycytes	T2	Obesity
1.091	4.3185	Tanycytes	T2	Obesity
0.9567	3.4094	Tanycytes	T0	Obesity
1.5788	4.1187	Tanycytes	T0	Obesity
1.1978	4.5678	Tanycytes	T2	Control
2.424	3.9144	Tanycytes	T1	Obesity
1.3201	5.0638	Tanycytes	T0	Obesity
1.0215	4.0122	Tanycytes	T1	Obesity
1.5949	3.6106	Tanycytes	T1	Control
0.8842	4.4015	Tanycytes	T1	Control
0.9075	3.3673	Tanycytes	T1	Control
1.604	3.9298	Tanycytes	T1	Control
0.8136	3.6366	Tanycytes	T1	Control
0.7186	3.7161	Tanycytes	T1	Obesity
0.5744	3.8979	Tanycytes	T2	Obesity
2.4632	4.1914	Tanycytes	T0	Control
1.5363	4.5023	Tanycytes	T1	Control
1.6199	4.2261	Tanycytes	T1	Control
0.7807	3.9159	Tanycytes	T0	Obesity
1.5856	4.2118	Tanycytes	T0	Obesity
0.7559	4.3322	Tanycytes	T1	Obesity
1.3513	4.4367	Tanycytes	T0	Obesity
1.2508	4.754	Tanycytes	T1	Obesity
1.5907	3.5191	Tanycytes	T2	Obesity
1.6118	3.2892	Tanycytes	T2	Control
2.611	2.658	Tanycytes	T0	Control
0.9856	2.7463	Tanycytes	T2	Control
0.4321	3.9733	Tanycytes	T1	Control
1.5502	4.1868	Tanycytes	T0	Obesity
0.7363	3.6286	Tanycytes	T0	Obesity
1.0769	3.3293	Tanycytes	T2	Obesity
1.9723	3.478	Tanycytes	T2	Control
1.4193	4.3486	Tanycytes	T1	Control
1.4847	4.3745	Tanycytes	T1	Obesity
1.538	3.5994	Tanycytes	T2	Control
1.5635	4.1238	Tanycytes	T1	Obesity
2.0148	4.2787	Tanycytes	T2	Control
1.297	3.5139	Tanycytes	T0	Control
0.7396	4.7791	Tanycytes	T0	Control
1.4043	3.9139	Tanycytes	T0	Control
1.2135	3.7081	Tanycytes	T1	Obesity
1.8645	3.8713	Tanycytes	T0	Obesity
2.371	3.2678	Tanycytes	T0	Obesity
1.3303	4.1831	Tanycytes	T0	Control
0.8654	5.219	Tanycytes	T0	Control
1.8822	3.7326	Tanycytes	T1	Obesity
1.4265	4.8901	Tanycytes	T0	Control
1.1469	3.6506	Tanycytes	T0	Control
0.2668	4.2801	Tanycytes	T0	Obesity
1.261	3.9795	Tanycytes	T2	Obesity
1.102	3.7374	Tanycytes	T2	Control
1.4606	3.3602	Tanycytes	T2	Obesity
1.2806	4.4551	Tanycytes	T0	Control
1.3323	4.272	Tanycytes	T0	Obesity
1.978	5.5872	Tanycytes	T2	Obesity
0.4869	3.1781	Tanycytes	T0	Control
0.6514	2.9999	Tanycytes	T0	Obesity
0.4629	3.9929	Tanycytes	T2	Obesity
2.2119	3.3248	Tanycytes	T2	Obesity
1.798	4.1233	Tanycytes	T2	Obesity
0.8344	4.514	Tanycytes	T2	Obesity
0.8341	3.3705	Tanycytes	T1	Control
2.6854	4.4593	Tanycytes	T2	Obesity
1.5211	3.8253	Tanycytes	T0	Obesity
0.9673	3.7633	Tanycytes	T0	Control
0.2713	3.0243	Tanycytes	T1	Control
0.6734	4.9032	Tanycytes	T0	Obesity
1.3272	3.4568	Tanycytes	T1	Obesity
2.57	5.0771	Tanycytes	T1	Control
1.5858	4.8402	Tanycytes	T2	Obesity
0.1879	3.117	Tanycytes	T0	Control
